培训机构名称,所属区,联系地址,联系电话,办学质量和诚信等级,机构ID,项目数量
上海宏星职业技能培训学校,静安,上海市静安区共和新路1209号8幢3楼,56631966,A级,200008010171651,34
上海自力进修学院,黄浦,云南南路180号6楼,13801891844,,200008010264241,3
上海嘉定现代技术培训中心,嘉定,嘉定环城路2290号,69987755,A级,200008010316661,25
上海市嘉定建设人才职业技术培训学校,嘉定,上海市嘉定区尚学路688号2幢5层,59525173,C级,200008010319861,2
上海嘉定区成人职业技术培训中心,嘉定,上海市嘉定区金沙路280号,69990060,B级,200008010322271,29
上海外服虹桥人才服务有限公司,闵行,闵行区申昆路2377号8号楼1层101室,13524694000,,200008010441711,5
上海申伦职业技能培训中心,普陀,宜川路355号二楼,36050170/36050127,B级,200008010645121,17
上海市松江大成教育培训中心,松江,上海市松江区人民北路925号,18049707773,C级,200008010695141,15
上海松江新桥职业培训中心,松江,上海市松江区新桥镇新南街22号,57641150,A级,200008010716691,20
上海交运汽车修理职业技能培训中心,普陀,谈家渡路18号,62443711,B级,200008010762421,13
上海文峰职业技能培训学校,普陀,上海普陀区绥德路650号1号楼3-4层,50330746,C级,200008010777491,5
上海电子商务职业培训中心,长宁,上海市长宁区仙霞路350号美华4层405室、409室、410室、411室,64740912,B级,200008010797661,2
上海燃气职业技术培训学校,虹口,虹口区水电路1277号4楼,18918125871,,200008010844601,1
上海市黄浦商业人才培训中心,黄浦,上海市黄浦区延安东路205号101、228、309、311、316、318室,53580046,A级,200112300041811,8
上海江南职业技能培训中心,虹口,上海市虹口区保定路22号,65456087,A级,200112300041881,5
上海商贸旅游职业技能培训中心,黄浦,贵州路189号,63225198,A级,200112300041911,2
上海养老护理职业培训中心,黄浦,盛泽路8号四层,53531011,C级,200112300041971,1
上海交通职业技能培训学校,宝山,上海市宝山区呼兰路763、883号,56990613,A级,200112300041991,5
上海绿化职业技能培训中心,徐汇,上中西路145号320、324、406、408、412、415-417、420等,54360104,,200112300042021,5
上海黄浦区业达职业技能培训中心,黄浦,建国西路154号,64371625,A级,200112300042041,22
上海黄浦区钟华职业技术培训中心,黄浦,上海市黄浦区打浦路303弄16号,63052852,A级,200112300042061,12
上海上汽职业技术培训学校,虹口,虹口同嘉路79号,56668571,B级,200112300042161,13
上海宝山区人才学院,宝山,上海市宝山区友谊路327号,56602053/56692343,A级,200112300042191,53
上海锦华职业技术进修学校,黄浦,上海市黄浦区鲁班路286号C503室、606室、609室,53828845,A级,200112300042221,9
上海黄浦区文华职业技术培训学校,黄浦,丽园路700号三楼,53065993,B级,200112300042241,12
上海市浦东上船职业技术学校,浦东,浦东康花路128号2-4幢,13501738537,A级,200112300042281,22
上海市浦东沪东中华职业技能培训中心,浦东,金桥路555号,50380424,A级,200112300042291,15
上海浦东新区上菱职业技术培训中心,浦东,上海市浦东新区三林路200号4号楼,58811880,A级,200112300042311,8
上海浦东新区高桥职业技能培训中心,浦东,上海浦东新区外高桥季景路206号,13601956529,,200112300042321,1
上海隧道职业技能培训中心,徐汇,枫林路14弄1号201、202室,13601865302,C级,200112300042371,2
上海市浦东特种设备职业技能培训中心,浦东,上海市浦东新区沪南路2218号中环中心东楼603、605-609室,50799928,C级,200112300042451,4
上海浦东新区振华职业技能培训中心,浦东,浦东新区龙居路87号,13621667155,C级,200112300042481,4
上海南亚职业技术培训学校,徐汇,喜泰支路8号三号楼一楼、二楼、五楼、三楼330533093317、四楼3409等,54096697,B级,200112300042531,20
上海联盟智库职业技能培训学校,闵行,上海市闵行区申昆路2377号1幢104室,13917349702/54843772,A级,200112300042581,29
上海浦东新区梅龙镇职业技能培训学校,浦东,上海市浦东新区济明路533弄3幢6号1层105室、2幢7号1层101及102室,13816464472,A级,200112300042611,16
上海市浦东新曙光职业培训中心,浦东,上海市浦东新区三林路88弄5号楼3层,68735818,A级,200112300042671,5
上海服装行业职业技术学校,普陀,上海市普陀区长寿路652号E座302、303、308-310、313-315室,13681962066,,200112300042681,3
上海公用职业技术培训学校,徐汇,凯旋路2050号32幢（1号楼）、13幢（2号楼）、35幢（4号楼）,64163776,A级,200112300042731,7
上海飞航职业技术学校,徐汇,徐汇区沪闵路9001-3号地下一层02北1-A4、A5,64773778,A级,200112300042751,17
上海市浦东安老护理职业学校,浦东,严丰路25号4楼,15000440047,C级,200112300042761,2
上海市嘉定区交通职业技术培训中心,嘉定,上海市嘉定区嘉新公路698号2幢一楼,59531191,,200112300042861,3
上海市奉贤阳光培训学校,奉贤,奉贤区南桥镇振贤一支路2号、古华振贤路1号,"57420031,18901800031",B级,200112300043201,26
上海市长宁科技进修学院,长宁,长宁区剑河路727号,62132313,,200112300043221,1
上海农广培训中心,松江,上海市松江区中山二路658-8号,13916498175,C级,200112300043421,6
上海自然美技能培训中心,静安,昌平路958号8、9楼,62313326,B级,200112300043441,4
上海石化工业学校职业技能培训中心,金山,上海金山区石化海棠新村61号,13818579799,A级,200112300043471,7
上海金山区金艺职业技能培训中心,金山,上海市金山区朱泾镇金龙新街528弄6110号215-218室,18016297751,B级,200112300043481,10
上海金山区园艺职业技能培训中心,金山,上海金山区石化卫一路165号,13818969134,B级,200112300043511,3
上海金山区振欣职业技能培训中心,金山,上海市金山区朱泾镇亭枫公路3982号,57335789/67310102,B级,200112300043531,4
上海金山区现代职业技能培训中心,金山,上海市金山区朱泾镇万安街395号,57319562,A级,200112300043541,28
上海香格里职业培训学校,青浦,青浦区朱家角西井街84号,59858988,A级,200112300043621,27
上海崇明中华职业进修学校,崇明,崇明区城桥镇西门北村29号、崇明区城桥镇西门路385号,18930302038,A级,200112300043761,25
上海市志丹职业技能培训学校,普陀,上海市普陀区曹杨路1040弄2号楼中谊大厦1106,13918759955,,200112300043851,13
上海曹杨职业技能培训中心,普陀,上海市普陀区清涧路240号,"52787847,52781213",B级,200112300043871,32
上海新世纪职业技能培训中心,普陀,普陀区曹杨路930号20幢A401，A405-407,62658120,B级,200112300043891,24
上海内威职业技能培训学校,普陀,普陀区武宁路1500号南四楼,62434966,B级,200112300044091,13
上海捷才职业技能培训中心,杨浦,凤城路50号,65023147,A级,200112300044131,19
上海益禾职业技能培训中心,静安,原平路39号,66118897,A级,200112300044161,27
上海中亚饮食服务培训中心,静安,民和路153号1幢5层23室,60664633,A级,200112300044211,25
上海市宝山博智未来职业技术学校,宝山,上海市宝山区月罗路868号,13818983748,B级,200112300044221,33
上海市东亚进修学院,杨浦,内江路462号,65660360,,200112300044351,2
上海美都职业技能培训学校,静安,常德路888号6楼604,54591073,C级,200112300044361,3
上海技高职业技能培训中心,杨浦,民星路435号办公楼109、110室,65579149,A级,200112300044451,39
上海西南职业技能培训中心,闵行,上海市闵行区都会路3552号,13524142459,C级,200112300044601,10
上海交通职业技术培训中心,虹口,三门路661号17号楼,31236121  31236158*17106,A级,200112300044611,28
上海南湖职业技能培训中心,虹口,三门路661号,31236138,,200112300044681,10
上海健民职业技能培训中心,徐汇,上海市零陵路530号5楼，6楼，907室,54231004、13761442237,C级,200112300044821,3
上海徐汇区房地产职业技术培训学校,徐汇,徐汇区茶陵路218号206室、207室、208室,64478811;18616605658,A级,200201040045971,8
上海化工职业培训中心,静安,万航渡路731号1号楼二层、三层、五层,62558334,B级,200201040047101,11
上海高级轿车维修技术培训中心,闵行,上海市闵行区景洪路3369号2楼,02154352779，02159556030,,200201100056271,4
上海现代应用技术培训中心,静安,灵石路697-3号401-06室,32120577,,200201110058371,8
上海宝盛职业技术培训学校,宝山,宝山区蕴川路489号7幢110-3A室,36418018,B级,200201110058381,12
上海网信职业技术培训中心,徐汇,沪闵路9001-3号地下二层02北2-B1-5,18016359070,B级,200201110058391,7
上海宝丽职业培训学校,黄浦,巨鹿路361号4楼405-412室,13621659780,B级,200201230086471,31
上海安装工程职业技术培训中心,虹口,上海市虹口区同煌路26号,13681882841,A级,200202040098971,4
上海市测绘职业技能培训中心,普陀,武宁路419号A楼406、408、409室,62547943,,200203010125181,5
上海世健联职业技能培训学校,黄浦,学前街77号二楼,13917860386,B级,200204010171531,7
上海凯达职业技能培训学校,浦东,浦东新区三林路88弄5号,15900527317,A级,200204010171551,23
上海物流职业技能培训学校,徐汇,中山南二路777号1号楼2楼211、212、213、214室,13248086016、64226312,B级,200204010171561,37
上海市普陀区职业培训学校,普陀,上海市普陀区千阳路271弄11号楼3楼,13918056651,,200204120189261,4
上海五加一证书培训中心,徐汇,上海市徐汇区漕宝路80号2606、2306室,54255701 13917878218,B级,200206200268731,31
上海伟业培训中心,静安,共和路169号新发展大厦1301室,18917076215,B级,200206250273151,26
上海市宝经技术培训学校,宝山,宝山区盘古路727号5幢108号,66790118,A级,200206280277391,29
上海宝冶职业技能培训中心,宝山,宝山区四元路168号10号楼,56647416,A级,200206280277411,2
上海新兴职业技能培训学校,闵行,上海市闵行区宜山路2016号二号201室,18019490111,B级,200207260309441,22
上海育成职业技术培训学校,静安,新闸路1970号101-104 、106 、107室,13701709575,C级,200209200491771,2
上海工商职业技术学院,嘉定,上海市嘉定区外冈镇恒荣路200号,021-60675958-7086,,200209200491841,19
上海浦东新区农发职业技能培训中心,浦东,浦东新区川沙镇华夏东路3102弄158号,68393142,C级,200209200491881,1
上海浦东新区职业技术培训中心,浦东,康士路13号201室,58600590,B级,200211120579411,4
上海良师职业技能培训中心,杨浦,上海市杨浦区赤峰路43号,65975824,B级,200211120581961,7
上海科学技术职业学院,嘉定,金沙路280号,69990044,A级,200211130584211,9
上海南汇创明职业技能培训中心,浦东,上海市浦东新区惠南镇听潮南路96弄二楼85号,58012549,,200212020608321,6
上海市奉贤紫屿职业技能培训学校,奉贤,上海市奉贤区南桥镇沈陆中心路388号一楼,67105503/18918822212,B级,200212050613401,41
上海市电力育才职业技能培训中心,闵行,上海市闵行区昆阳路1号1号楼106室、202室、204室,18530153167,B级,200212300646231,1
上海青浦培新进修学校,青浦,青浦车站支一路10号,13916967552,A级,200304180789121,6
上海地铁环境职业培训学校,徐汇,沪闵路8075号603室,02164866689,B级,200305130813441,2
上海环境职业技术培训学校,徐汇,上海市徐汇区上中西路145号101-104、106-108、110、208等,54362976,B级,200306030841611,6
上海企顺技能培训学校,普陀,普陀区宁夏路679号306、315、316室,62235771,A级,200306170867981,33
上海复达职业技术培训中心,普陀,华池路58弄5号楼1603、1605、1606、1607、1615、1616室,13301939570,B级,200307140904451,43
上海质量教育培训中心有限公司,长宁,上海市武夷路258号,52389932,,200308060934781,4
上海智能消防学校,杨浦,上海市杨浦区长阳路1687号东1182幢D楼D103,52132119,B级,200308110939621,12
上海宝山车洋职业技术培训学校,宝山,上海市宝山区月罗路2255号17幢209-210室,36090495,C级,200309080975861,1
上海明日香职业技能培训学校,普陀,普陀区澳门路477弄5幢2层201-203、216-219室,62985060,C级,200309251000901,7
上海浦东新区张江职业技能培训中心,浦东,浦东新区中科路2329号A302、A309、A315、A317,58576362,,200310141013471,1
上海市徐汇恒甫进修学校,徐汇,孝民路128号达和楼806室、精技楼502-504室、805室；兴艺楼101等,64475261,,200310271029411,3
上海金山区金成职业技能培训中心,金山,金山区卫清东路3098号4层西侧,18801905851,B级,200311051038961,34
上海浦东新区金桥职业技能培训中心,浦东,上海浦东新区金海路2360号,50211135,B级,200312011068391,5
上海同济华康职业培训学校,虹口,上海市虹口区广灵四路24号甲开隆大厦3楼,65066592,,200312231094581,34
上海桥智职业培训中心,普陀,上海市普陀区柳园路215号2楼A区201-206室,18221422560,C级,200401071105321,3
上海市致立学前教育职业技能培训中心,静安,中山北路198号1009室,32201770（周一休息）,A级,200402161137611,6
上海电气李斌技师学院,杨浦,注册地上海市杨浦区许昌路1150号547室、办学地浦东大道2748号,20605671,A级,200402241150961,28
上海市现代食品职业技能培训中心,徐汇,宜山路889号1号楼7楼701、703—715、717—720室,54256835,A级,200402261152721,11
上海申华职业技术培训中心,普陀,上海市普陀区谈家渡路18号4楼,62447170,C级,200402271155081,9
上海谊信职业技能培训中心,普陀,真南路1008号,62508517,A级,200403051161121,6
上海市闵行春致职业技术培训中心,闵行,沪闵路3888号1号楼102室,64139066,C级,200404061206431,11
上海市青年技术培训中心,静安,汉中路188号中楼,63175111,,200404191225731,6
上海市浦东一建职业技能培训中心,浦东,莱阳路30号,13774349348,A级,200404291239281,1
上海市奉浦工商职业技术培训中心,奉贤,上海市奉贤区奉浦开发区八字桥路626号数控实训中心一楼至三楼,67106118,C级,200405171256301,9
上海市北职业技术培训中心,静安,上海市静安区江场三路56、58号501室,15221439609,B级,200406031284181,20
上海维纳职业技术培训学校,浦东,上海市浦东张江高科技园区科苑路299号1号201室,50809677,,200406111301281,1
上海华宁职业技术培训学校,闵行,上海市闵行区江川路690号,64301371,C级,200406181321531,15
上海华东电力职业技能培训中心,闵行,龙吴路4988号,13818367308,C级,200406181321541,1
上海黄浦区插花花艺职业技术培训学校,黄浦,上海黄浦区肇嘉浜路96号7幢7#105、7#106、7#107、7#108,53833288,A级,200406291333601,3
上海国际汽车城人才培训学院,嘉定,上海市嘉定区新成路899号,021-59534880,A级,200406301351441,4
上海盛达职业技能培训中心,宝山,上海市宝山区祁北路53号2层202室,17269687866,B级,200407061363251,6
上海市保卫干部培训中心,虹口,上海市虹口区天宝路879号,64072413 64075653,A级,200407081368561,2
上海莘闵职业技术培训学校,闵行,闵行区沪闵路3888号1幢202室,13585646178,A级,200407211404251,9
上海新艺职业技能培训学校,浦东,乳山路98号普联大厦1号楼805-806室,65375610,B级,200407291414581,12
上海市先劲教育专修学院,黄浦,上海市黄浦区中山南一路810号二楼,63035113,,200408041426341,14
上海市茶业职业培训中心,虹口,上海市中山北一路1230号15楼,55827582,C级,200408301508541,6
上海浦东新区安全生产培训中心,浦东,上海市浦东新区金桥路825号A区7幢,13816996080,C级,200409011512241,4
上海中冶宝钢技术职业技能培训中心,宝山,上海市宝山区宝杨路2061号,33793368,A级,200409231665541,9
上海助友职业技术培训中心,长宁,芙蓉江路276弄1号301室、310室,13816642511,B级,200410221808271,7
上海市中特职业培训学校,闵行,上海市闵行区莘沥路197号一号楼401室、402室,64120433、13611969766,B级,200410281824301,9
上海城市职业培训学校,徐汇,斜土路2088号504-506、509、515室,54255177,C级,200411031836501,6
上海市浦东软件园职业技能培训中心,浦东,上海市浦东新区懿徳路519号6号2层203、204、205室,50801913,A级,200411151873841,6
上海文华美美职业培训学校,长宁,长宁区中山西路750号2幢2502、2506、2510室,62755671,B级,200501172032851,2
上海慧谷职业技能培训中心,闵行,上海市闵行区沪闵路1441号6号楼2F西区225室,13816339325,,200501242049401,2
上海景格职业技术培训学校,嘉定,上海市嘉定区杭桂路1211弄64号302室、上海市嘉定区金沙路280号,021-36322696,B级,200502172068701,4
上海地铁职业技能培训学校,闵行,闵行区顾戴路751号,17717659834,B级,200502182071051,4
上海嘉华职业技能培训中心,嘉定,上海市嘉定区清河路34弄14号,59535400*816,A级,200503172120271,23
上海远东现代职业培训中心,静安,上海市静安区西康路828号301-304室,62419387,B级,200503182120671,4
上海新仙霞职业培训中心,长宁,天山五村44号,62343611,A级,200505102223141,31
上海闵行丹森现代教育培训中心,闵行,上海市闵行区中春路7039弄98号、108号D幢2层207室,34203287、18901632550,A级,200505192246941,29
上海市育儿职业技能培训中心,静安,北京西路1400弄24号,62790702,A级,200505252266511,7
上海华联家维职业技能培训中心,黄浦,合肥路219号302-305、407室,63879880,B级,200505252266541,5
上海新东坊形象艺术培训学校,徐汇,沪闵路9001-3号地下一层01北1-A1、A2,4008206011,B级,200507202385801,16
上海烹饪餐饮职业技术培训中心,黄浦,黄浦区延安东路59号7层723室,63216816,B级,200507292400791,20
上海张江生物医药职业技能培训中心,浦东,上海市浦东新区哈雷路899号1幢2楼201室、205室,50793333转203,B级,200508092426941,1
上海浦东新区浦发保安职业培训中心,浦东,华夏东路3039号,50435627,A级,200510182564861,2
上海眼镜职业培训中心,浦东,川大路555号1号楼305室,62121313,B级,200510262584511,8
上海杨浦区昭源进修学校,杨浦,上海杨浦区国定路335号1号楼4001室,13601650668,,200511022596701,1
上海高新职业技术培训中心,虹口,上海市虹口区天宝路879号,18121280096,,200511242641611,1
上海浦东群星职业技术培训中心,浦东,上海市浦东新区德州路240号,18616270783,C级,200512132670691,17
上海海盾安全技术培训中心,徐汇,岳阳路76号23幢201-210,64336810-5212,B级,200512132672311,2
上海利普职业培训学校,静安,上海市静安区广中路698号401室B区,56331110-127,B级,200601242734311,1
上海环球职业技术培训学校,闵行,闵行区春东路420号三幢2层,13661719723,,200602172757361,4
上海伯乐职业培训中心,徐汇,全州路41-51单号2层,64311726,A级,200602172757401,26
上海松江区华亭培训学校,松江,上海市松江区俞塘路512号4幢3层A单元A303室,57833835,B级,200603272841191,22
上海新天地职业技术学校,浦东,浦东新区沈家弄路650号,18521337327,C级,200606102980871,15
上海松江区卫生职业进修学校,松江,上海市松江区荣乐东路83弄1号201-205、213、803-805、806A室,57706183,B级,200606132990441,21
上海济光高级职业技能培训中心,宝山,上海市宝山区水产路2859号,56499486,C级,200607273076561,7
上海远见职业技术培训中心,静安,静安区老沪太路197弄2-5号,021-36530987,A级,200608033084311,10
上海松江云间职业技能培训中心,松江,上海市松江区乐都路419号,021-67720219,A级,200608143103761,20
上海漕河泾开发区人才发展培训中心,徐汇,上海市徐汇区古美1528号7幢108室,13501626746,B级,200609043141981,4
上海创意职业技能培训中心,浦东,上海浦东张江高科技园区春晓路109号1号楼201室、304室、305室,50277973,,200609263184091,2
上海金山区成人教育职业技能培训中心,金山,上海市金山区朱泾镇万安街950号,57320383,B级,200609303187041,4
上海百联职业技术学校,宝山,锦秋路1333号,13917836723,C级,200610093193081,3
上海电气职业技术学校,普陀,延长西路529弄25号,50871886,,200610203214821,6
上海崇明竞一职业技术培训中心,崇明,上海市崇明区城桥镇人民路651号,39612243,A级,200611143252091,4
上海俊柯职业技术培训学校,闵行,闵行区沪闵路7940号4楼411、412室,54170811、13901997873,B级,200612013280071,8
上海新静安职业技能培训中心,静安,宝山路584号1116室,56971099,C级,200612123297531,20
上海张江创新学院,浦东,上海市浦东新区环湖西二路800号3楼1317、1320、1321室,68795701,C级,200612293326041,3
上海浦东新区安全技术培训中心,浦东,浦东临港江山路2518号1-2层,13816362617,A级,200702143408131,4
上海竣豪职业技能培训中心,长宁,上海市长宁区古北路678号401室、404-1室,62332937,A级,200703123444501,7
上海松江区新技术培训学校,松江,松江区普照路8号-38号（8号303、307、308室）,13917950803,C级,200705153649401,13
上海长宁万宏工业职业技能培训中心,长宁,虹桥路1765弄64号,52163371,A级,200705293707321,10
上海维丽娅职业技术培训学校,长宁,定西路1300号2号楼一楼二楼,15300595962,,200705303708751,4
上海诚之医药商业培训中心,虹口,上海市虹口区曲阳路910号910室,63290040,,200706053725201,2
上海汇众益智职业技能培训学校,虹口,东江湾路188号B座402室,36080666,,200709133940621,1
上海市普陀华英教育培训中心,普陀,普陀区梅岭北路286号,13012897834,,200709263983341,2
上海国际银行金融专修学院,杨浦,杨浦区武东路198号710室,65908758,,200710184055321,1
上海黄浦区黄埔职业技能培训学校,黄浦,新桥路68号1806室,33766177,A级,200711124158621,14
上海奉贤区育秀职业技能培训中心,奉贤,上海市奉贤区南桥镇沪杭公路2250号,57107456,C级,200711274231871,2
上海广贤职业技术培训学校,闵行,闵行区七莘路488号3幢1楼,64120766,B级,200712124278131,7
上海金山区新起点职业技术培训中心,金山,上海市金山区石化卫二路429号4号楼,57950445,A级,200801074327081,13
上海市保安职业技能学校,黄浦,中山南路1228号三楼A303、A305、A306、A307室,13916198245,A级,200802024384681,3
上海金山区兴诚建设职业技术培训中心,金山,上海市金山区朱泾镇万安街704号南楼2-3层、北楼1-2层,57323413,B级,200802194396611,14
上海新健康进修学院,杨浦,上海市杨浦区国权路98号国阳大厦901,13818366575,,200802224406671,4
上海善护念职业技能培训学校,虹口,虹口区广灵二路277号4楼405室,65930282*803,C级,200803174456431,2
上海浦东新区环保职业技能培训中心,浦东,上海市浦东商城路1980号,58851959/13402042949,,200803244478711,2
上海尼普顿职业培训学校,静安,共和新路1301号北区105室,13761371347,C级,200803284491271,23
上海金山区张堰职业技能培训中心,金山,上海市金山区张堰镇新华路65号,57213153  18019206763,B级,200804254569381,3
上海新知职业技术培训学校,闵行,闵行区沪闵路445号新闵综合楼二层202、207室,13564834006,C级,200804304576321,14
上海临港漕河泾人才有限公司,徐汇,宜山路900号1幢0301部位307室,18917255208,,200806124656211,9
上海市浦东现代医药技术培训中心,浦东,沈家弄路700号,13816326252,A级,200808014746021,2
上海思妍丽职业技术培训学校,闵行,闵行区金汇路538号5层515、517室,18001875768,B级,200808184778251,4
上海市青浦启能培训学校,青浦,青浦区青赵公路55-65号,69216320,B级,200905065179711,3
上海市嘉定职业技能培训中心,嘉定,嘉定区嘉新公路1650号,59534880,B级,200905185204201,13
上海领禾培训中心有限公司,黄浦,上海市黄浦区中山南路589号5-B室,15800920953,,200905225217591,7
上海百联商贸进修学院,杨浦,杨浦区民星路525号,35351420,,200906175257751,1
上海杨浦区吉易训进修学校,杨浦,上海杨浦区双辽新村25号甲,65153501,B级,200906175258261,4
上海永琪美容美发技能培训学校,闵行,闵行区合川路3111号1号楼101室-105室,51532937  13661544458,B级,200910295470861,6
上海市崇明竖职教育培训中心,崇明,上海市崇明区竖新镇竖新北路188号、上海市崇明区长兴镇长凯路277号,59486528,A级,201001285624601,27
上海市北高新园区职业技能培训中心,静安,江场三路238号906室,56652002,,201006115845001,4
上海外服人力资源咨询有限公司,黄浦,上海市黄浦区金陵西路28号1号楼1902、1904-1907室(实际楼层18楼),15221175877,,201006215857441,14
上海博思堂职业技能培训学校,虹口,上海市中山北一路121号B2栋1001-1002、1021-1023室,61816266,,201009096004591,7
上海一致心理咨询职业技能培训中心,杨浦,杨浦区逸仙路205号1幢16楼1601-1603室,18939707595,C级,201010196066861,1
上海杨浦区康健进修学校,杨浦,上海市杨浦区周家嘴路2110号5楼,55806557,B级,201012066160701,3
上海江源职业技能培训中心,宝山,上海市宝山区铁力路2469号4号楼301-311室、501-509室,18601771507,C级,201102166269191,1
上海博润教育培训学校,宝山,上海市宝山区长江西路2301号,13817972447,B级,201108266661951,4
上海松江区同舟职业技能培训学校,松江,上海市松江区方松街道谷阳北路1470弄1号楼215/216/217/218室,57713326或13916680783,,201112196886351,6
上海浦东临港科技职业技能培训中心,浦东,浦东新区南汇新城镇方竹路1601号,13621615836,C级,201206117173141,16
上海浦东新区云凌职业技术培训学校,浦东,上海市浦东新区芳华路139号B118室,13801750887,C级,201207317261431,4
上海杨浦区三才培训中心,杨浦,上海大连路1548号503、511、516室,35327928,A级,201209127334091,10
上海东方工艺美术职业技术培训学校,闵行,上海市闵行区七莘路250号2号楼1层110室,62691919,,201209127334101,2
上海华是进修学院,徐汇,上海市徐汇区淮海西路55号2层CD座202-1室,15026822056  15026685378,,201209147342131,14
上海闵行区杏林密钥职业技能培训学校,闵行,"上海市闵行区黎安路1615弄58号2幢211,212室",18621393876,C级,201209177347231,5
上海哲美职业技能培训有限公司,松江,上海市松江工业区锦昔路100弄2号,33528811,C级,201212137513221,2
上海联明职业技能培训中心,浦东,上海浦东新区金海路3288号101室102室第二层301室302室303室,58780823,C级,201303147659041,9
上海天路保安培训学校,普陀,上海市普陀区交暨路211号B楼,02136326999,B级,201304247747561,1
上海金山区学坊进修学院,金山,上海市金山区海芙路289号二楼南,13321911875,A级,201307257951181,25
上海卫生行业职业技能培训中心,静安,上海市静安区北京西路1400弄17号,62298521,C级,201308147984061,6
上海民丰职业技能培训学校,嘉定,上海市嘉定区安亭镇民丰路988号,59577178,C级,201308238007541,2
上海正能量职业技能培训中心,青浦,上海市青浦区五厍浜路201号,021-59202158,A级,201404188460781,17
上海市嘉定震川培训中心,嘉定,宝安公路4765号1号楼203、205室；金沙路75号801、803、808室,13601714502,C级,201408068707651,2
上海科创职业培训有限公司,普陀,普陀区谈家渡路28号7A室,13816456559,,201408218748011,12
上海茸欣职业技术培训中心,松江,上海市松江区环城路21号,57865786,B级,201409158794721,4
上海市电梯培训中心,虹口,虹口区西江湾路450号,13701802080,,201410158860211,3
上海新鼎邦艺术职业培训学校,闵行,上海市闵行区东兰路238号3幢L219、L220、L221室,18516155687,C级,201410238881211,15
上海松江联阳职业技能培训学校,松江,松江区茸梅路288弄141号205.206.207室,17702115860,C级,201412048969771,5
上海君汇教育培训有限公司,松江,上海市松江区沪松路225号2层、227号2层,13916669569,,201501159067871,1
上海青浦区智源进修学校,青浦,青浦区城中北路735号一楼101室、三楼、四楼,18117029998,B级,201502059100361,11
上海青浦区新思维职业培训中心,青浦,沪青平公路2855弄1-72号329、331、02、04；105、106、107,18001829979,B级,201503169168671,15
上海吉益盟教育培训有限公司,浦东,上海市浦东新区金杨路81号4号楼,15000355560,A级,201503199180691,8
上海安欣职业技能培训中心,嘉定,上海市嘉定区嘉新公路698号1幢一楼,021-59568637,B级,201504169246041,5
上海炜峰职业技能培训学校,奉贤,"奉贤区南桥镇望园南路1288弄80号三号楼601-603,1604-1605室",13701716618,B级,201505189320961,4
上海闵行区浦江电商职业培训学校,闵行,上海市闵行区三达支路537弄65号4幢201、301室,13761656911,C级,201506029354041,7
上海贤达职业技能培训学校,奉贤,上海市奉贤区江海南路89号3楼,13381607906,A级,201506129384871,26
上海松江区孜汇职业技能培训中心,松江,松江区阔街22号,021-57705500,C级,201508139520951,3
上海普陀区华大职业培训学校,普陀,上海市普陀区中山北路3553号伸大厦22楼2208-2211室,62221108,C级,201512299843721,2
上海富华职业技能培训学校,虹口,上海市虹口区四平路421弄,18917643250,C级,201603110009081,1
上海金山区涵宇职业培训学校,金山,金山区卫清西路38弄15号三楼,13818131401,B级,201604010071061,5
上海金山区赞企职业技术培训中心,金山,上海市金山区浦卫公路16299弄复地金石湾一期2号楼,13764896592,B级,201604010071071,5
上海闵行区圣博职业技能培训中心,闵行,上海市闵行区都会路2849弄1号楼3楼302、304、306室,13651917651,C级,201604180121141,9
上海闵行区爱登堡职业技能培训学校,闵行,闵行区恒西路139号1楼-3楼,15821673923,B级,201605120183821,4
上海普陀区融沃职业技能培训中心,普陀,兰溪路119号曹杨商务楼212室,15721283565,C级,201606170279421,14
上海闵行区安泰保安培训学校,闵行,闵行区合川路3089号5号楼（C幢）2楼,13795390428,A级,201607050307111,3
上海长江职业技能培训学校,长宁,上海市长宁区金钟路658弄9号楼2层,13585821196,A级,201607060318511,1
上海甜爱职业技能培训中心,静安,上海市静安区中山北路814弄17号202、203、207室,15216666635,C级,201608160430821,4
上海众拓教育培训有限公司,松江,上海市松江区荣乐东路2055弄1号206-212室,18221171898,B级,201609060481011,32
上海德才教育培训中心,杨浦,上海市杨浦区宁国路218号502室,13611863638,,201609080496101,1
上海宜创职业技能培训有限公司,静安,上海市静安区场中路1988弄2-5、8-11号1002-1006,13671706010,C级,201609120504711,5
上海新迎园职业技能培训中心,嘉定,上海市嘉定区清河路150号4幢2层A区211-214室,13621830877,C级,201610140576291,5
上海浦东蓝天消防安全培训中心,浦东,上海市浦东新区浦三路3058号116、118、192、196、199室,18016359119,C级,201610200595791,12
上海新曼烹饪培训有限公司,金山,上海市金山区亭枫公路1915号,18321761082,C级,201612200738911,6
上海创就教育培训有限公司,虹口,上海市虹口区纪念路500号1幢312室,13621744813,B级,201701060782821,2
上海吴淞口国际邮轮培训有限公司,宝山,宝山区化成路251号301室、307室,15802168699,B级,201702130839471,7
上海君客职业技能培训学校,静安,昌平路990号6幢104室,13472477800,C级,201702150856131,4
上海闵行区佳明技能培训学校,闵行,上海市闵行区顾戴路2582号1幢2层202室,34976081,B级,201703030896071,4
上海致晶职业技能培训有限公司,浦东,三林路200号3幢311室,68591689、19945769531,C级,201703210967341,3
上海青浦区怡学职业培训学校,青浦,上海市青浦区赵巷镇崧雅路86弄5号-2,18616873099,B级,201703240984171,3
上海闵行区嘉东职业技能培训学校,闵行,上海市闵行区光中路255号2号楼2-401,18221103692,C级,201704111016061,15
上海浦东智慧消防安全职业技能培训中心,浦东,浦东新区三林路88弄1号楼B栋4楼东区,18964832225,B级,201705021070761,1
上海蜚腾职业技能培训有限公司,浦东,上海市浦东新区沪南公路8666弄14幢1楼,15256623710,,201705151115051,2
上海德梁安全培训中心,闵行,闵行区梅强路255号3幢525室,54290609、13361812920,B级,201706161207541,3
上海宝宏职业培训学校,宝山,上海市宝山区盘古路727号3幢9号,13402104534,B级,201706261233031,8
上海松江区慧修职业技能培训中心,松江,松江区三新北路900弄905号2楼,13761638933,C级,201707121270261,7
上海理想职业技能培训学校,虹口,上海市虹口区东体育会路860号5号楼508室,18918550600,,201707191295711,4
上海静安区中焙职业培训学校,静安,上海市静安区康宁路1021弄2号楼137室,56356787,C级,201709251481401,7
上海德弘养老护理技术培训学校,奉贤,上海市奉贤区南桥镇万众路368号C栋202室,15601806868,C级,201710241547251,2
上海市公共安全技能培训学校,杨浦,上海市杨浦区国顺路288号,021-65680256、25653107,A级,201711131561731,55
上海浦东新区育源职业技能培训学校,浦东,浦东新区成山路1700号,18616357357,B级,201711241635171,25
上海浦东迪吉健康职业技能培训中心,浦东,上海市浦东新区基隆路89号501室,16601880280,C级,201712261713891,3
上海睿群职业培训学校,宝山,上海市宝山区长江南路180号长江软件园B区1层131、132,13818280637,A级,201807182290691,46
上海臻致培训学校有限公司,普陀,上海市普陀区中山北路3331号底层-1、-2，杏山路8弄4号2楼,13901789466,C级,201808152380391,9
上海聚嘉培训学校有限公司,嘉定,上海市嘉定区叶城路565号303、311、312室,15221757364,A级,201810192591581,61
上海奚仲职业技能培训有限公司,浦东,上海市浦东新区金沪路1270号1幢4楼401-411室,13661453399,A级,201812052740461,9
上海浦东新区师源职业技术培训中心,浦东,上海市浦东新区秋兴路875号1幢407室、2幢2015室,13482860303,B级,201812052740621,5
上海静安能企电力职业技能培训中心,静安,上海市静安区永和路118弄58号201室,36350039,A级,201812112781461,3
上海志达职业技能培训有限公司,普陀,上海普陀区白兰路137弄2号1501、1502、1512室,15221757364,,201812112785781,3
上海青浦区惠茵职业技能培训学校,青浦,上海市青浦区清河湾路1635弄5号1层、6号3层,18001772522,A级,201901092913781,35
上海金山区卫夷职业技能培训中心,金山,上海市金山区卫清西路576号4楼,13621988162,B级,201901142940191,5
上海家策培训中心有限公司,徐汇,上海市徐汇区中山西路2368号1901，1902室,13636403116,C级,201902153023671,9
上海青浦区时光蜕变职业技能培训学校,青浦,上海青浦区淀山湖大道1079弄11、93号225-226号,13611710910,B级,201902153025401,13
上海林通职业技能培训学校,虹口,上海市虹口区甘河路8号203室、206室,13817818105,,201903123122611,28
上海糖师师培训学校有限公司,宝山,上海市宝山区一二八纪念路728弄58号四层401、402室,36036603,B级,201904093212551,6
上海巾帼汇职业技能培训有限公司,普陀,上海市普陀区武宁路509号D0601、Ｄ0602、Ｄ0604、D0605室,13524922556,C级,201904163247781,24
上海江戈职业技能培训有限公司,松江,上海市松江区新桥镇九新公路2888号4幢4层A区,37703878,C级,201905063313501,1
上海闵行区安通职业技术培训学校,闵行,上海市闵行区万源路2728号3楼,13167117836,,201905093331331,3
上海中泰职业技能培训有限公司,普陀,普陀区中江路879弄3号楼102室,13301778565,C级,201905223387111,1
上海浦东新区涵瑄职业技能培训学校,浦东,上海市浦东新区龙阳路1990号505,13764627600,C级,201905233390321,3
上海易宸职业技能培训有限公司,普陀,上海市普陀区梅川路1247号4幢208室,13524799917,B级,201906053404001,11
嘉言懿行（上海）职业技能培训有限公司,浦东,上海市浦东新区金吉路778号浦发江程广场1幢212室,18621925728,,201906123441651,3
上海晟泽培训中心有限公司,嘉定,上海市嘉定区南翔镇古猗园路737号5幢2层,17701792209,B级,201906193475501,3
上海海尚创职业技能培训有限公司,闵行,闵行区虹井路280弄1号楼3层07A单元,13122036763,C级,201907053513621,3
上海茂美职业技能培训有限公司,虹口,上海市虹口区四川北路1688号南楼2601室,18101731468,,201907223581631,6
上海嘉赋育培训学校有限公司,虹口,曲阳路930号4栋208室,18345454300,,201908193658771,3
上海浦星培训学校有限公司,浦东,上海市浦东新区花山路706号808、810、812室,15601905567,C级,201908303689281,23
上海静安济家职业技能培训学校,静安,上海市静安区共和新路2623号A幢7层702室,15900702919,B级,201909053695601,6
上海奉贤区奉信培训学校,奉贤,奉贤区环城东路644-646号1楼，648弄（8号、10号、12号、14号）1楼,18901990888,C级,201909123730951,17
上海浦东新区瑞博职业技能培训学校,浦东,上海市浦东新区拱乐路766号1至3层,13651983879,,201910103814731,15
上海远见职业技能培训有限公司,静安,静安区老沪太路197弄6-7号地下1，1层；8号1-2层,18019467879,C级,201910103817641,5
上海石天职业技能培训有限公司,黄浦,上海市黄浦区北京东路666号F幢8I室,13917804952,C级,201911053883801,4
上海艾益生职业技能培训有限公司,松江,上海市松江区鼎源路618弄1号8幢,02167675379,,201911063891141,1
上海澳美嘉职业技能培训有限公司,浦东,上海市浦东新区金藏路258号4号楼501D区,13817679388,,201911083904241,3
上海绿翼职业技能培训有限责任公司,长宁,上海市长宁区水城路68号601室,64321153,A级,201911123913401,2
上海携程职业技能培训有限公司,长宁,上海市长宁区金钟路968号16栋2F11，2F12,13693007438,C级,201911203949111,1
上海易优培职业技能培训有限公司,杨浦,上海市杨浦区平凉路2241号26幢401室-404室,13482520824,B级,201911283972811,18
上海浦东新区津弘职业技能培训学校,浦东,上海市浦东新区浦三路3058号1楼152、156、158室,13916555523,C级,202001064079691,2
上海青浦大树职业培训学校,青浦,上海市青浦区久康路241、245、249、253号,15900460100,A级,202001084098561,12
上海亚诚培训学校有限公司,嘉定,上海市嘉定区云谷路499号T3大厦902室,18616658155,B级,202001194135361,23
上海崇康职业技能培训有限公司,长宁,上海市长宁区定西路988号502、503室,15800505231,,202001224142991,10
上海云集培训学校有限公司,松江,上海市松江区嘉松南路288号2186-2190、2202、2203、2211室,13761680057,C级,202003164219801,20
上海圣达教育培训有限公司,浦东,上海市浦东新区拱极东路3136弄9号（一、二层）,13701659655,,202003184232251,3
上海高展教育培训有限公司,青浦,"青浦区高泾路599号D座D1、D2,B座401、402室",18017222447,C级,202003184233071,1
上海科才职业技能培训有限公司,杨浦,上海市杨浦区国定路335号2号楼609、610室,02155666717,C级,202004074283241,11
上海万通职业技能培训有限公司,浦东,上海市浦东新区书院镇丽正路1517号,15802134691,,202004104308711,3
上海梓程职业技能培训有限公司,浦东,上海市浦东新区云端路1565弄15号104室,13621686621,C级,202005064400341,4
上海同人职业技能培训有限公司,浦东,上海市浦东新区东方路1988号305C、305D室,53393662,B级,202005104421561,32
上海彼岸之途职业技能培训有限公司,青浦,上海青浦区新凤北路565号,13671543383,A级,202005144443611,14
上海海迩浦职业技能培训有限公司,浦东,上海浦东新区海基六路70弄1号楼405室,13671753613,C级,202006094552201,3
上海立得职业技能培训有限公司,黄浦,上海市黄浦区人民路998号305、308-1室,13916556559,B级,202006164581821,28
上海易芸职业技能培训有限公司,浦东,上海市浦东新区华夏东路1155号6幢,15900985537,,202006184596051,4
上海黄浦区尧学教育进修学院,黄浦,延安东路205号308、310、320室,13916018045,,202006184596741,10
上海新程职业技能培训有限公司,宝山,上海市宝山区长江南路180号长江软件园c区4楼419、421室,13812661022,,202007104646161,2
上海华裕职业技能培训有限公司,普陀,普陀区曹杨路1040弄2号13层南部01-02室,13761967611,A级,202007134662271,19
上海翠园职业技能培训有限公司,浦东,上海浦东新区川沙路5111号南楼2-21、22幢,18121111228,B级,202007154687091,5
上海小鲜职业技能培训有限责任公司,浦东,上海市浦东新区乐林路133号1幢102室,18930705978,A级,202007174705301,18
上海懿馨懿颐培训中心有限公司,浦东,上海市浦东新区川沙路718号7幢一层105室,13167262288,,202007234739431,2
上海同舟职业技能培训有限公司,嘉定,上海市嘉定区曹安公路1855号809、810室,13472791222,B级,202008064779411,48
上海鑫科瑞教育培训有限公司,浦东,上海市浦东新区北门大街168号2层,13002190299,C级,202008124826771,3
上海蓝若职业技能培训有限责任公司,浦东,上海市浦东新区申江南路6288号中侧楼三楼317-322室,17765172729,,202008174847771,3
上海震旦教育培训有限公司,黄浦,上海市黄浦区复兴中路369号18楼1801室8-14号,18021029010,,202008254899161,21
上海美丽之约职业技能培训有限公司,浦东,上海浦东东方路877号嘉兴大厦5楼509、510-513,13916924687,C级,202009074935251,8
上海佑安职业技能培训有限公司,虹口,上海市虹口区汶水东路29号榕辉大厦2层202室,19921619950,,202009074938421,1
上海馨月汇健康护理职业技术培训学校,宝山,上海市宝山区沪顾路1号,13381630827,C级,202009144996671,4
上海长护宝职业技能培训有限公司,崇明,上海市崇明区堡镇大通路432、434号二层东区,13681881404,B级,202010105233861,3
上海力合新职业技能培训有限公司,浦东,上海市浦东新区桃林路18号环球广场A座601、602、610室,13162197000,C级,202010105234521,3
上海智链职业技能培训有限责任公司,浦东,浦东新区康桥东路111号42幢401室,13052053970,C级,202010105248311,18
上海青浦区青流职业技能培训学校,青浦,青浦区香花桥街道盈港东路6433号1幢A_区113.114.115室,13818961934,B级,202010135282441,32
上海育佳培训学校有限公司,浦东,上海市浦东新区金湘路225弄11号801、803、805、835-838室,13501686048,C级,202011125729621,2
上海乐逢职业技能培训有限公司,黄浦,上海市黄浦区保屯路399号一楼A室,18616807448,B级,202011165779241,3
上海安星职业技能培训有限公司,浦东,上海市浦东新区惠南镇广北路25、27号,15021952762,C级,202011175817941,1
上海陆家嘴职业技能培训有限公司,浦东,上海市浦东新区杨高南路729号201室,13524608633,C级,202011185840191,1
上海建四职业技能培训中心,静安,上海市静安区灵石路697-3号3号楼610室,18101848772,B级,202011185848211,11
上海华盾职业技能培训有限公司,浦东,上海市浦东新区东方路877号嘉兴大厦裙楼3F,13482503639,,202011195886151,9
上海浦东临创职业技术培训学校,浦东,上海市浦东新区秋山路1775弄1号楼1001、1002室,180 1731 3682,C级,202012096179281,2
上海匠星职业技能培训有限公司,浦东,浦东新区惠南镇广北路29号1-2层、31号1-2层、33号1-2层,15601601953,C级,202012106189261,1
清大东方职业技能培训学校集团有限公司,普陀,上海市普陀区交通路4637号102、201室,13671506152,B级,202012116218541,1
上海市嘉定嘉禾职业技能培训中心,嘉定,上海市嘉定区金沙路75号906、908、910室,13701961628,C级,202012116221691,19
上海佳协职业技能培训有限公司,嘉定,上海市嘉定区嘉定镇博乐路70号14幢301-01-1室,13651770817,C级,202012146235281,9
中航协（上海）培训中心有限公司,长宁,上海市长宁区金钟路999号1幢210室,021-52196365,C级,202012176272551,1
上海跃迁培训学校有限公司,普陀,中山北路2790号901-902室,17701712873,B级,202012236317521,12
上海侨辉职业技术学院有限公司,嘉定,上海市嘉定区蕴北路1798号15号楼2层,18019382132,C级,202101076379601,2
上海科洛职业技能培训有限公司,浦东,上海市浦东新区秀浦路3188弄30号4层401室,13916000938,C级,202101126423591,6
上海首顺教育培训有限公司,浦东,上海市浦东新区环科路515号1510B、1511室,18217739191,,202101156460711,1
上海重贤职业技能培训有限公司,浦东,浦东新区航头镇航头路158弄12幢4层446室,13917303467,C级,202101226538351,6
上海畅达职业技能培训有限公司,浦东,上海市浦东新区浦建路145号强生大厦802室,18121218233,C级,202101226546641,2
上海交文培训学校有限公司,浦东,上海市浦东新区飞渡路55号6幢6-2-11,18117414463,C级,202102076617391,6
上海松江九峰职业技能培训中心,松江,上海市松江区洞泾镇振业路 1 号 8 幢 1 楼、301 室,13817866150,C级,202102096640481,2
金鞍职业技能培训（上海）有限公司,普陀,上海市普陀区中江路879弄16号楼401室,13901704243,,202102226693071,2
上海尊护职业技能培训有限公司,虹口,虹口区水电路1388号904-905室,13818922848,A级,202102246712461,17
上海浦东齐力职业技能培训学校,浦东,上海市浦东新区j金海路2011号D区205、210室,13817789829,C级,202103056769561,2
上海方得职业技能培训有限公司,宝山,上海市宝山区沪太路2751号1幢A15室,17521690622,C级,202103096804381,21
上海明天培训学校有限公司,浦东,上海市浦东新区成山路578号4幢4楼417/419/421室,13901931638,C级,202103247149081,2
上海艾基埃宝石职业技能培训有限公司,黄浦,上海市黄浦区中山东二路600号2幢12层03单元,02138760730,B级,202104087322921,3
上海荣冶培训学校有限公司,宝山,上海市宝山区同济支路199号6号楼401室,13641770496,B级,202104087329061,22
上海拍一拍职业技能培训有限公司,浦东,上海市浦东新区成山路800号1502室、1304室,18621968325,B级,202104087329961,7
上海传智播客职业技能培训有限公司,浦东,航都路18号2幢2层1-36、49-94、141、143、145、147室,13105589792,C级,202105217956541,4
上海志强职业技能培训有限公司,宝山,上海市宝山区淞兴路157号-165号5楼东区506室,13482810985,,202106078118111,4
上海远博职业技能培训有限公司,普陀,上海市普陀区同普路1130弄15号4楼402、403室,17602120334,C级,202106218290621,1
上海建谐职业技能培训有限公司,长宁,上海市长宁区武夷路150号1号楼2楼、9楼,62524848,A级,202107058735201,4
上海澜之港职业技能培训有限公司,浦东,上海市浦东新区富特北路399号1幢4G、4H、4I室,13646226587,,202107138989251,2
上海青浦区三省教育进修学院,青浦,上海市青浦区朱家角镇康业路888弄35-1号、35-2号,17749792310,,202108100533361,3
上海智杰职业技能培训有限公司,普陀,普陀区宜君路59号4楼,18116006852,,202108100534181,5
上海市普陀区华奕职业技能培训中心,普陀,普陀区定边路629号A幢403、405室,021-52657265,B级,202108170990151,24
摩珐汇职业技能培训（上海）有限公司,杨浦,上海市杨浦区翔殷路999号21幢三层310室,15821711597,,202108251191781,4
上海贝悦职业技能培训有限公司,浦东,上海市浦东新区奥纳路188号506室,13918236197,,202108251193151,2
上海聚儒培训中心有限公司,浦东,上海市浦东新区张杨路158、188、228号裙房3层310、312室全部,021-68881827,C级,202109221443341,4
上海同有三和圣洁职业技能培训有限公司,浦东,金海路1000号金领之都27幢2楼B1、B2区,15026953556,,202109231454231,1
融恒（上海）职业技能培训有限公司,闵行,上海市闵行区浦江镇昌达路27号1号楼2层202室,13918613115，34635553,B级,202109231467861,3
上海心梨职业技能培训有限公司,宝山,上海市宝山区杨行镇友谊路1538弄20号1层,18362775409,,202110191636461,2
上海静园职业技能培训有限公司,长宁,上海市长宁区中山西路520号1号楼4层15010室,13917700687,A级,202110211666261,6
上海仟盛职业技能培训有限公司,杨浦,上海市杨浦区内江路191号111幢114-115室,18602175233,B级,202111091783851,3
上海新知博专修学院有限公司,黄浦,黄浦区北海路8号18楼,13801982058,,202111091784621,6
上海青松未来职业技能培训有限责任公司,浦东,上海市浦东新区莲溪路1151号绿科路271号1幢A座A506-509室,18017087176,,202111241878341,2
上海福慧职业技能培训有限公司,闵行,闵行区江川路344号一层B区,13585736563,B级,202112061922201,11
上海普陀区西部365职业培训中心,普陀,上海市普陀区中山北路1258号3楼301室,021-52901028-408,B级,202112081936501,4
上海宝山中交敬逸培训学校,宝山,"宝山区月富路318 号西二楼4233,4235,4237,4251,4253室",15821291893,C级,202112151970851,2
上海臣合职业培训中心,静安,上海市静安区广中西路666号B07-09室,15900668628,C级,202201122093271,6
上海和养职业技能培训中心,静安,上海市静安区广中西路1149号三楼303--308、四楼,18001762361,B级,202203082363031,8
上海伊甸元职业技能培训有限公司,浦东,上海市浦东新区沪南公路3655弄34-38号2层,13917550392,A级,202203252626401,23
上海松江区明师慧职业技能培训学校,松江,上海松江区茸梅路288弄3号205-206室,18501652065,B级,202206172837151,15
上海才优培训中心有限公司,浦东,中国（上海）自由贸易试验区港澳路239号1幢1层105-109室,13818549991,C级,202207132979331,2
益海嘉里（上海）职业技能培训有限公司,浦东,中国（上海）自由贸易试验区博成路1379号B1层109、111室,15221733753,B级,202207142986421,2
上海琅笃职业技能培训有限公司,崇明,上海市崇明区横沙乡丰乐路48号,13661960955,C级,202208083130311,2
上海威兹德职业技能培训有限公司,浦东,上海市浦东新区海基六路218弄5号5层,20979098,B级,202208193228411,10
天都职业技能培训（上海）有限公司,闵行,闵行区七莘路1839号2517-2520南室,51087995-6666，13564049809,B级,202208233249101,36
麦特维思（上海）职业技能培训有限公司,浦东,中国（上海）自由贸易试验区商城路1900号1207室,13817693905,,202208293277951,3
上海懿青和职业技能培训有限公司,浦东,川周路8362号402/T01-T08,18221234495,C级,202208293279101,8
上海勇鸿护佳职业技能培训有限公司,杨浦,上海市杨浦区临青路430号18幢楼3楼320室,16628592520,B级,202209083318711,9
中装汇萃职业技能培训（上海）有限公司,普陀,普陀区澳门路351号7层703,13701820506,,202209153355451,2
上海海阳职业技能培训有限公司,杨浦,上海市杨浦区长阳路668号N楼2层202室、203室,02165390000,B级,202210173475361,6
上海数商汇职业技能培训有限公司,浦东,上海市浦东新区航都路18号2号楼1层1113-1137室,18721577396,,202210203498611,2
上海众坛职业技能培训有限公司,浦东,上海市浦东新区东明路1800弄3号地下1层35、36、37、38室,13402078637,B级,202210263536421,26
上海机施职业技能培训有限公司,静安,上海市静安区洛川中路701号8号楼一楼,18116457475,B级,202211243657191,7
上海百善福祉职业技能培训有限公司,浦东,上海市浦东新区春晓路122弄34号7幢1F105-108、3F307-308,15800568766,C级,202211283670161,1
上海国耀职业技能培训有限公司,闵行,上海市闵行区莘建东路58弄2号809、810、811室,18916220138,,202212133721181,2
中智职业技能培训（上海）有限公司,浦东,上海市浦东新区秋山路1775弄27号601室,18521534488,,202212153734091,1
上海长宁区住建安职业技能培训中心,长宁,上海市长宁区水城路68号613-630室,62258570,B级,202212153737831,6
上海力殿职业技能培训有限公司,松江,上海市松江工业区俞塘路512号A幢一层101室,13916029182,,202301033776461,2
上海浦东星光职业技能培训学校,浦东,上海市浦东新区川沙路1058号1幢1-2楼,13816329799,C级,202301053783311,2
上海侨闻职业技术学院有限公司,嘉定,上海市嘉定区鹤旋路26弄29号806、807室,13641725751,,202301173837511,6
上海浦东新区博强职业技能培训中心,浦东,上海市浦东新区恒大路62号4幢2楼（灵岩南路295号）,13801713169,C级,202302033861751,4
上海玄风职业技能培训有限公司,松江,上海市松江区佘山镇佘北路180号9幢102室、103室,021-37690093,,202302133904101,3
上海仰序职业技能培训有限公司,浦东,上海市浦东新区康普路51弄43号4层408室,18019302383,,202302273993151,5
罗布长风职业技能培训（上海）有限公司,浦东,中国（上海）自由贸易试验区临港新片区业盛路188号A405、A408室,13818760202,,202303034013381,2
上海蓝焰职业技能培训有限公司,松江,上海市松江区环城路419弄6号4楼,15301835119,,202303084040431,4
上海至业职业技能培训有限公司,普陀,上海市普陀区宜川路299-311（单）号305号3楼301室,13918236197,C级,202303104054661,2
上海杨浦区全洲进修学院,杨浦,上海市杨浦区凤城路101号7幢3楼,15800769846,,202303244131141,4
上海尚古新职业技能培训有限公司,浦东,上海市浦东新区老芦公路1055号1号楼3层301室,13816267100,,202304174626181,1
上海闵青才职业技能培训有限公司,闵行,上海市闵行区颛兴东路1559号101-2F,18121157184,,202304174630481,15
上海学掌门职业技能培训有限公司,黄浦,上海市黄浦区北京东路668号B区B807室,15821839935,,202304174631791,9
上海智数职业技能培训有限公司,浦东,上海市浦东新区秋山路1775弄27号1003、1004室,13916505194,,202304184647381,3
上海学之荟职业技能培训有限公司,浦东,浦东新区拱极路2626弄38号5楼501-510室、515-518室,13918408250,,202305164832391,11
上海青沄职业技能培训有限公司,青浦,上海市青浦区清河湾路981弄17号,18918082622,,202305184852591,10
上海库锞职业技能培训有限公司,嘉定,上海市嘉定区真新街道曹安公路1901号2层A区C270室、3层A区3004室,15901686931,,202305254909661,11
上海闵行区敦敏职业技能培训学校,闵行,上海市闵行区繁兴路99号8号楼501室,18844994175,,202306054939531,8
上海抚理职业技能培训有限公司,杨浦,上海市杨浦区逸仙路205号1115、1116室,18018823153,,202306074957431,7
上海浦东新区海炎职业技能培训学校,浦东,上海浦东新区川沙新镇川沙路6999号28幢1层14-19，26-31、42、43,18616207919,,202307195159771,1
上海同培职业技能培训有限公司,杨浦,上海市杨浦区中山北二路1121号16楼1609室,13764046989,,202307205176371,8
上海赛源培训学校有限公司,宝山,上海市宝山区真陈路1018号9幢3楼D区,65428830,,202308035237531,2
上海蕴育时光职业技能培训有限公司,普陀,上海市普陀区同普路1130弄11号2楼2003-2007室,18621360789,,202308175320591,7
上海爱美佳职业技能培训有限公司,普陀,上海市普陀区真北路2653号6幢1层107室,13916384539,,202308215336111,7
上海雅享职业技能培训有限公司,浦东,上海市浦东新区五星路677弄8号2楼,13918755484,,202309075407041,2
上海丹捷赛孚培训学校有限公司,浦东,浦东新区川南奉公路5609弄3号2幢2层204-205室,13818025621,,202309135438021,1
上海徒手之恒职业技能培训有限公司,嘉定,上海市嘉定区嘉罗公路336号1306、1308、1309室,18717820243,,202310215589341,3
上海宏益职业技能培训有限公司,静安,上海市静安区沪太路701号1幢3层07/08/09室,13611736687,,202311085659931,13
上海半鱼职业技能培训有限公司,嘉定,上海市嘉定区南翔镇丰翔路3168弄太茂商业广场3楼306A室,13248001169,,202311225732421,15
上海甯麦秀培训学校有限公司,奉贤,上海市奉贤区航南公路6666号A幢A208、A608,13310082698,,202311235737291,10
上海中服未来职业技术学院有限公司,闵行,上海市闵行区盘阳路59弄12号802室,15601982568,,202311235740551,13
上海互软职业技能培训有限公司,浦东,中国（上海）自由贸易试验区新金桥路18号24层2414、2415、2416室,13816781768,,202312255881281,10
上海顶正职业技能培训有限公司,宝山,上海市宝山区沪太路6369号6号楼101室,13311994491,,202401085918901,4
上海瑞毅职业技能培训有限公司,奉贤,上海市奉贤区奉炮公路1368号3 幢 5 层 5-513 室,19901798254,,202401316045661,6
上海鹏越惊虹职业技能培训有限公司,浦东,上海市浦东新区张衡路200号3幢3606室,13764013056,,202402016046501,4
上海柴火灶职业技能培训有限公司,青浦,上海市青浦区赵巷镇佳杰路99弄1号1003室,18930663883,,202403046130061,10
沃土聚才（上海）职业技能培训有限公司,浦东,上海市浦东新区金皖路389号313、314、315室,15905189857,,202405066416891,1
上海尚品培训学校有限公司,奉贤,上海市奉贤区程普路377号4号楼A区7层007、008室,13564560067,,202405086429641,6
上海华创园职业技能培训有限公司,虹口,上海市虹口区广中路88号5楼502、506、508、510,18616834412,,202405236539671,4
上海创联职业技能培训学校,静安,上海市静安区天目中路267号11B-1,13466691615,,202406056591901,5
上海市闵行区翔申业余学校,闵行,上海市闵行虹梅路263号裙房四楼,13564132122,,202406246726131,8
上海茸昇职业技能培训有限公司,松江,谷阳北路1425弄88号704,13651836071,,202406256734251,9
上海沪普东培训学校有限公司,浦东,上海市浦东新区陶桥路138号2幢303、304、305、306、307、308室,13817292685,,202407016750731,13
上海瑞泉秋歌职业技能培训有限公司,普陀,普陀区真南路1226弄5号402A室；培训点：3号401A室401B室401C室,13311687858,,202407026755841,18
上海毛戈平职业技能培训有限公司,长宁,上海市长宁区通协路269号商场1层111、112、113室,52068098,,202407086776271,1
上海珀妍职业技能培训有限公司,松江,上海市松江区梅家浜路800弄35号408、409室,15618883778,,202407266894071,12
上海爱尔沃职业技能培训有限公司,虹口,上海市虹口区中山北一路121号B2幢1楼1001-1002、1021-1022室,15021656165,,202409047048801,11
上海福启康职业技能培训有限公司,黄浦,上海市黄浦区普育西路105号9号楼1层、4号楼503室,13162197000,,202409107079771,9
智学博（上海）职业技能培训有限公司,普陀,上海市普陀区中山北路 2790 号 1407 室、1408 室,15000222150,,202410297283661,1
上海大鸾职业技能培训有限公司,松江,上海市松江区广富林路599弄1号1104-1105,13564169691,,202410317288381,2
上海欧米奇职业技能培训有限公司,奉贤,上海市奉贤区程普路377号4号楼AB 区4层,18516231626,,202411067304771,4
上海新鹊群职业技能培训有限公司,青浦,上海市青浦区青昆路588号2幢二层、三层、四层,59800661,,202411127332451,1
上海瑞而思职业技能培训有限公司,闵行,闵行区顾戴路2582号2幢（北楼）6层601-606室,13761468398,,202411297413501,6
上海室铭职业技能培训有限公司,徐汇,上海市徐汇区沪闵路9001-3号地下一层01北1-A3,13917170331,,202412237507761,15
上海安优护职业技能培训有限公司,静安,静安区南山路99号5幢305、306、307室,15800398071,,202501137589931,4
上海礼月博学职业技能培训有限公司,徐汇,上海市徐汇区漕宝路78号3层321室甲-B室,13761112968,,202501227661281,7
上海智领云职业技能培训有限公司,松江,上海市松江区泗泾镇九干路168号20幢2号楼310-311室,13917767198,,202502127707761,2
上海赋畀职业技能培训有限公司,长宁,万航渡路2452号B102室,15821256750,,202502137714901,7
上海宝领培训学校有限公司,宝山,上海市宝山区宝安公路857号1幢4楼401室,18616276206,,202504027956161,4
上海汇达康培训学校有限公司,虹口,上海市虹口区万安路319号508A、508B、508C、507A、507B,13636330993,,202504077965521,13
上海一点灵光职业技能培训有限公司,嘉定,上海市嘉定区塔秀路26号901室,17717419616,,202506088263441,2
上海一尺得渔职业技能培训有限公司,奉贤,上海市奉贤区奉城镇洪运路398号 1幢201、202、204、 305、306室,18101862805,,202506138296501,4
上海欣旋培训中心有限公司,徐汇,上海市徐汇区零陵路899号19层A室,18017863070,,202507018394041,13
上海徐汇新南洋职业技术学院有限公司,徐汇,上海市番禺路878号3层,13916276999,,202507108436051,8
新纶和业职业技能培训（上海）有限公司,松江,松江区新宅路658号1幢108室、3幢206、207、208、209室,13816986634,,202507248532961,3
上海外服职业技能培训有限公司,杨浦,上海市杨浦区国定东路200号1号楼20层2001、2002、2003室,15221175877,,202507318554261,30
上海之乐培训学校有限公司,宝山,上海市宝山区泰和路2008号2栋8区165室,18521116333,,202508108588561,4
上海积涵职业技能培训有限公司,嘉定,嘉定区永新路755号一层,18016091179,,202509048717151,2
上海升锦腾职业技能培训有限公司,松江,上海市松江区富永路425弄5号楼2楼202室、204室、205室,57713939,,202509098740591,4
上海垦耐职业技能培训有限公司,松江,上海市松江区九亭镇蒲汇路178弄1号1-313，1-314，1-315,18039978179,,202509118761381,1
芸耀瀚海职业技能培训（上海）有限公司,长宁,上海市长宁区水城路68号3楼328室,13817384888,,202509168789481,7
上海费思职业技能培训有限公司,长宁,上海市长宁区新华路365弄6号9号楼203室,13761923968,,202510108900911,4
上海恒远职业技能培训有限公司,奉贤,上海市奉贤区奉浦大道99号110室,15201939163,,202510118905701,16
上海厚朴中医学堂培训学校,嘉定,上海市嘉定区鹤旋东路188弄7号601室,17812049284,,202510118906561,2
上海市普陀传技未来职业技能培训学校,普陀,普陀区真南路1266弄9号楼201室,18918691632,,202510158930181,5
上海浦东新区青云职业技能培训学校,浦东,上海市浦东新区康浦路51弄43号902室,13761337789,,202511129088231,5
海凯威（上海）培训中心有限公司,浦东,上海市浦东新区川宏路508号1幢一层102-1室,13916106490,,202511219153281,3
上海博成职业技能培训有限公司,浦东,上海市浦东新区金桥路939号411-414室,18918279908,,202512049207191,6
上海旭知职业技能培训有限公司,杨浦,上海市杨浦区黄兴路2077号1401室,13917768510,,202512059211561,3
上海家点爱职业技能培训有限公司,闵行,上海闵行区沪星路289弄7号105、301、302、303室,15618165805,,202512169273991,3
上海誉藤职业技能培训有限公司,徐汇,上海市徐汇区华山路2000号6夹层709室,13472823510,,202601089611241,5
上海砺知职业技能培训有限公司,黄浦,上海市黄浦区斜土路768号103-1室,13262245929,,202601299750501,5
林清轩（上海）职业技能培训有限公司,松江,上海市松江区新桥镇新庙三路1177号1幢2层A区216室、218室、219室,1560-1717-565,,202603269999431,3
上海复医博育职业技能培训有限公司,徐汇,肇嘉浜路361号乙1层103室、105室、107室、108室、109室等,18521062303,,202604130070531,2