code,name,price,change_pct,pe_ttm,pb,mcap_yi
000656,*ST金科,1.46,0.0,0.5,3.92,110.57
000498,山东路桥,5.31,-0.56,3.84,0.49,76.96
600015,华夏银行,6.92,0.87,4.06,0.34,1064.8
601997,贵阳银行,6.04,0.5,4.18,0.33,220.83
603323,苏农银行,4.83,0.0,4.72,0.5,97.5
601577,长沙银行,9.71,0.21,4.74,0.53,390.41
601528,瑞丰银行,4.85,0.0,4.85,0.48,84.12
601336,新华保险,57.71,-1.77,4.88,1.46,1203.51
601818,光大银行,3.15,0.32,4.92,0.37,1461.81
601186,中国铁建,6.44,-0.77,4.97,0.31,740.81
000001,平安银行,11.08,0.82,4.99,0.46,2150.14
601166,兴业银行,18.61,0.92,5.08,0.47,3938.41
002958,青农商行,2.93,0.0,5.1,0.43,159.38
600908,无锡银行,5.55,-0.72,5.24,0.53,110.96
601668,中国建筑,4.86,0.21,5.29,0.4,2008.17
002839,张家港行,4.32,-0.46,5.3,0.56,105.5
601169,北京银行,5.16,-0.19,5.32,0.38,1090.98
002807,江阴银行,4.07,-0.49,5.35,0.56,110.03
600016,民生银行,3.59,0.0,5.36,0.27,1273.09
601229,上海银行,9.3,0.43,5.45,0.52,1321.44
601128,常熟银行,7.18,-0.55,5.49,0.74,238.13
601390,中国中铁,4.79,-0.62,5.57,0.37,980.94
601601,中国太保,31.7,-1.0,5.66,0.95,2169.88
600502,安徽建工,5.25,-1.69,5.82,0.74,90.12
601998,中信银行,7.51,1.08,5.87,0.56,3061.3
600928,西安银行,3.58,-0.28,5.91,0.44,158.36
600919,江苏银行,11.5,0.97,5.98,0.8,2110.4
600926,杭州银行,16.23,-0.86,5.99,0.84,1176.51
002948,青岛银行,5.61,-1.06,5.99,0.77,197.6
601838,成都银行,19.31,1.9,6.09,0.89,818.44
600000,浦发银行,9.31,-0.11,6.17,0.41,3100.77
601009,南京银行,11.26,0.27,6.24,0.74,1392.14
601077,渝农商行,6.78,1.5,6.25,0.57,599.23
601328,交通银行,6.85,0.88,6.28,0.52,1785.96
601665,齐鲁银行,6.21,-0.32,6.47,0.76,382.15
600036,招商银行,38.8,1.57,6.49,0.86,8004.03
601628,中国人寿,33.24,-1.01,6.49,1.57,6921.74
601916,浙商银行,3.07,0.33,6.5,0.46,661.41
001227,兰州银行,2.14,-0.47,6.63,0.4,90.25
000885,城发环境,13.38,-0.89,6.73,0.88,85.91
002966,苏州银行,8.28,-0.24,6.76,0.71,363.95
601658,邮储银行,5.01,-0.2,6.85,0.58,3633.64
601825,沪农商行,8.84,2.31,6.91,0.65,828.7
002142,宁波银行,31.6,0.6,6.93,0.9,2085.42
601319,中国人保,6.76,-1.17,7.02,0.94,2399.65
601398,工商银行,7.34,0.55,7.04,0.67,19789.54
600704,物产中大,4.97,-0.6,7.12,0.61,257.01
601117,中国化学,7.75,-1.15,7.22,0.69,470.39
601187,厦门银行,7.47,0.27,7.35,0.72,196.71
601963,重庆银行,11.82,-0.34,7.36,0.73,240.42
601318,中国平安,54.08,0.43,7.37,0.96,5764.96
000544,中原环保,8.1,-0.25,7.42,0.84,78.95
000913,钱江摩托,12.0,2.92,7.42,1.26,62.41
600064,南京高科,7.61,-1.81,7.46,0.67,131.68
600741,华域汽车,16.97,-0.06,7.46,0.79,535.02
000623,吉林敖东,17.33,-0.29,7.55,0.66,206.39
000651,格力电器,39.52,1.1,7.59,1.46,2182.3
601288,农业银行,6.45,-0.62,7.67,0.81,20591.25
601860,紫金银行,2.62,-0.76,7.67,0.47,93.05
000685,中山公用,11.34,-1.65,7.71,0.87,141.36
601939,建设银行,10.18,0.99,7.79,0.75,976.63
601800,中国交建,6.43,-1.38,7.82,0.36,757.69
601988,中国银行,5.97,0.67,7.84,0.7,12582.7
601717,中创智领,18.26,-0.49,7.96,1.3,281.6
600820,隧道股份,5.8,0.35,8.36,0.57,182.36
688330,宏力达,37.76,-2.43,8.38,1.2,52.86
002936,郑州银行,1.8,0.0,8.39,0.35,126.53
600018,上港集团,5.14,0.0,8.76,0.82,1194.88
600970,中材国际,8.96,-0.22,8.85,1.0,234.91
600269,赣粤高速,4.39,-0.68,9.1,0.52,102.52
601919,中远海控,14.91,0.34,9.11,0.97,1872.17
002668,TCL智家,9.59,0.42,9.22,2.87,103.97
600987,航民股份,6.68,0.0,9.24,1.04,68.19
600210,紫江企业,6.66,-0.45,9.3,1.46,101.01
000987,越秀资本,7.86,-1.38,9.48,1.18,394.05
000776,广发证券,18.99,-0.05,9.49,1.08,1121.18
601688,华泰证券,18.61,0.43,9.58,0.94,1359.79
002736,国信证券,10.17,0.2,9.6,1.04,977.58
600861,北京人力,14.43,-0.96,9.71,1.08,77.46
002588,史丹利,9.16,-1.29,9.71,1.34,78.65
600720,中交设计,6.08,-2.25,9.74,0.87,61.35
601156,东航物流,16.76,-1.59,9.78,1.32,158.31
601669,中国电建,5.3,-1.67,9.78,0.62,692.79
000719,中原传媒,13.16,-1.28,9.78,1.09,87.8
603368,柳药集团,16.35,-0.12,9.89,0.81,64.94
000543,皖能电力,9.55,-2.75,10.07,1.23,216.49
000589,贵州轮胎,4.76,-0.63,10.08,0.81,73.5
002061,浙江交科,3.65,-1.08,10.15,0.62,94.87
000902,新洋丰,13.02,-1.36,10.23,1.36,148.79
000612,焦作万方,12.22,3.74,10.26,1.99,145.69
600511,国药股份,27.42,0.15,10.28,1.09,151.73
601811,新华文轩,13.08,-0.15,10.31,1.04,103.58
605599,菜百股份,16.08,0.37,10.32,2.47,125.07
000783,长江证券,7.84,-1.38,10.32,1.18,433.56
002572,索菲亚,9.13,-3.08,10.34,1.33,59.48
600968,海油发展,4.0,-1.23,10.35,1.35,406.6
600033,福建高速,3.62,-0.82,10.37,0.79,99.35
600757,长江传媒,8.11,-0.25,10.38,0.95,98.41
600874,创业环保,5.85,-0.68,10.39,0.87,71.98
601900,南方传媒,12.11,-2.26,10.44,1.17,106.81
000600,建投能源,11.8,-3.36,10.46,1.71,128.63
600039,四川路桥,8.48,0.12,10.51,1.39,737.39
601607,上海医药,16.5,0.36,10.53,0.79,460.22
601881,中国银河,12.38,0.24,10.56,1.12,896.74
000598,兴蓉环境,7.17,0.42,10.57,1.06,213.61
600690,海尔智家,21.13,0.24,10.59,1.58,1321.26
600894,广日股份,8.85,-0.11,10.6,0.85,74.62
600639,浦东金桥,9.86,-1.6,10.61,0.73,83.83
300926,博俊科技,20.22,1.76,10.66,2.49,60.25
600713,南京医药,5.08,-0.78,10.69,0.9,65.52
600096,云天化,31.07,0.19,10.71,2.37,566.4
600062,华润双鹤,16.96,0.41,10.84,1.45,176.08
600710,苏美达,11.44,-0.95,10.9,1.75,149.49
601598,中国外运,6.18,1.15,10.92,1.06,318.73
600461,洪城环境,10.04,-2.62,10.95,1.26,128.93
601677,明泰铝业,19.68,3.2,11.01,1.24,244.68
002546,新联电子,7.42,-2.5,11.01,1.63,59.45
600282,南钢股份,5.16,3.2,11.02,1.16,318.12
600483,福能股份,11.38,-1.56,11.08,1.14,316.38
600873,梅花生物,9.44,0.32,11.12,1.61,264.72
000686,东北证券,7.93,-0.5,11.18,0.91,185.6
300773,拉卡拉,23.97,-2.56,11.18,3.82,176.07
600999,招商证券,17.13,0.06,11.19,1.2,1271.39
600030,中信证券,25.58,-0.35,11.25,1.3,3114.76
000404,长虹华意,8.25,-0.36,11.26,1.3,57.15
000166,申万宏源,4.46,0.68,11.3,0.97,1005.08
002170,芭田股份,11.85,-2.23,11.34,3.29,93.27
600612,老凤祥,36.65,-0.41,11.35,1.4,116.22
601827,三峰环境,8.52,-0.7,11.38,1.14,142.45
603889,新澳股份,6.02,-1.31,11.45,1.61,56.72
000563,陕国投Ａ,3.0,-0.66,11.49,0.84,153.42
600368,五洲交通,3.99,0.0,11.51,0.87,64.23
603565,中谷物流,10.88,1.78,11.53,2.18,228.49
600694,大商股份,15.23,-2.5,11.54,0.66,57.69
600023,浙能电力,6.39,-4.63,11.58,1.11,856.82
601163,三角轮胎,14.11,-0.84,11.58,0.8,112.88
601298,青岛港,9.36,-0.32,11.59,1.29,504.7
601326,秦港股份,3.35,-1.18,11.6,0.9,159.38
002091,江苏国泰,9.0,-0.11,11.6,0.92,143.84
000708,中信特钢,13.94,-0.99,11.62,1.66,703.57
002608,江苏国信,10.42,2.96,11.64,1.1,393.68
002867,周大生,12.3,-1.91,11.67,1.97,132.73
601555,东吴证券,7.93,-0.13,11.68,0.9,394.02
600098,广州发展,8.02,-0.25,11.7,1.01,281.17
603529,爱玛科技,21.91,-1.88,11.7,2.02,185.7
600901,江苏金租,6.66,2.62,11.72,1.49,385.64
002078,太阳纸业,13.72,-1.65,11.72,1.23,381.05
000528,柳    工,8.98,-0.88,11.74,0.96,182.67
002215,诺 普 信,9.07,-1.84,11.74,1.99,72.83
600273,嘉化能源,7.31,-2.27,11.75,0.97,95.86
000828,东莞控股,10.11,-1.08,11.82,1.04,105.1
601058,赛轮轮胎,12.75,0.63,11.84,1.87,419.23
600323,瀚蓝环境,31.0,-1.34,11.86,1.66,252.76
000028,国药一致,23.39,-0.97,11.88,0.69,111.82
000527,美的电器,14.02,0.0,11.88,2.1,474.49
001872,招商港口,22.29,0.32,11.89,0.84,513.12
601518,吉林高速,3.1,-0.96,11.92,1.01,58.61
002532,天山铝业,15.39,2.87,11.92,2.36,632.05
603444,吉比特,336.52,-1.62,11.95,4.41,242.43
600428,中远海特,8.05,-0.25,12.0,1.29,172.81
002128,电投能源,31.4,-2.45,12.01,1.5,703.85
600332,白云山,21.78,0.32,12.02,0.9,306.2
000550,江铃汽车,17.02,1.73,12.02,1.22,88.24
600528,中铁工业,7.42,-1.46,12.05,0.65,164.84
300724,捷佳伟创,75.58,-3.87,12.08,1.94,217.45
601766,中国中车,5.69,-1.56,12.09,0.93,1384.25
600801,华新建材,18.92,0.37,12.1,1.2,253.85
000030,富奥股份,4.67,-0.21,12.1,0.94,78.03
000807,云铝股份,30.29,4.77,12.1,2.95,1050.43
600827,百联股份,8.38,-1.87,12.15,0.73,134.45
600998,九州通,4.89,-0.2,12.22,0.9,246.58
002011,盾安环境,12.01,-3.22,12.22,1.89,127.25
601898,中煤能源,16.4,-2.9,12.25,1.33,1500.93
601000,唐山港,4.32,0.0,12.26,1.23,256.0
000932,华菱钢铁,4.02,-1.47,12.26,0.49,275.47
600061,国投资本,6.46,-0.46,12.27,0.76,413.05
600897,厦门空港,15.06,-0.33,12.32,1.26,62.79
601857,中国石油,10.66,-1.48,12.33,1.2,17260.89
603071,物产环能,14.51,-1.23,12.33,1.41,80.96
688332,中科蓝讯,94.42,2.19,12.35,3.34,168.53
600717,天津港,4.53,-0.44,12.38,0.64,131.1
000690,宝新能源,5.89,-3.13,12.39,1.01,128.08
002705,新宝股份,12.69,-1.55,12.39,1.19,102.55
601108,财通证券,7.9,0.51,12.4,0.96,366.86
000933,神火股份,30.88,2.08,12.43,2.77,694.0
002060,广东建工,3.57,-1.92,12.44,0.96,55.79
600551,时代出版,7.38,-2.12,12.48,0.84,50.04
601098,中南传媒,11.16,-0.71,12.48,1.21,200.43
300770,新媒股份,35.3,-1.48,12.51,2.26,80.43
600035,楚天高速,3.91,-0.51,12.53,0.69,62.96
603613,国联股份,23.08,-2.41,12.54,1.77,166.3
603833,欧派家居,38.1,-3.88,12.59,1.25,232.09
600761,XD安徽合,17.2,-1.55,12.6,1.43,153.2
600233,圆通速递,17.85,-4.19,12.62,1.69,610.95
000848,承德露露,8.17,-0.97,12.62,2.6,82.61
600583,海油工程,5.68,-0.87,12.67,0.87,251.13
000999,华润三九,24.58,0.24,12.68,1.84,408.69
601019,山东出版,7.17,-2.18,12.69,0.95,149.63
600019,宝钢股份,5.94,-1.66,12.76,0.62,1293.86
002206,海 利 得,5.51,-0.36,12.86,1.64,58.24
601107,四川成渝,6.26,-0.32,12.9,1.1,135.39
600398,海澜之家,5.87,0.0,12.93,1.63,281.92
600211,西藏药业,38.88,1.25,12.95,3.46,125.32
603995,甬金股份,20.21,-1.37,12.96,1.25,73.89
002440,闰土股份,9.29,-1.48,12.97,1.03,87.92
601901,方正证券,6.72,-1.03,12.98,1.06,553.2
000680,山推股份,10.99,-2.31,12.99,2.55,144.48
601211,国泰海通,16.22,2.21,13.02,0.88,2189.2
601018,宁波港,3.47,-1.14,13.07,0.84,675.07
603187,海容冷链,13.17,-2.44,13.08,1.18,50.36
000568,泸州老窖,88.5,-2.1,13.1,2.52,1302.06
601921,浙版传媒,7.41,-2.5,13.12,1.13,164.67
600517,国网英大,5.32,-1.66,13.13,1.27,304.22
600780,通宝能源,7.49,-4.71,13.17,1.0,85.87
600008,首创环保,3.24,1.25,13.19,1.12,237.84
002140,东华科技,10.33,-2.18,13.19,1.5,73.03
601918,新集能源,10.97,-2.75,13.2,1.63,284.18
601139,深圳燃气,6.63,-1.49,13.23,1.16,190.73
002004,华邦健康,4.58,-1.08,13.26,0.87,86.26
600496,精工钢构,4.22,3.94,13.28,0.9,83.98
603338,浙江鼎力,50.75,0.22,13.36,2.17,256.97
000786,北新建材,22.55,-3.01,13.38,1.37,380.98
002508,老板电器,17.33,0.06,13.4,1.39,161.78
600938,中国海油,35.18,1.03,13.41,2.0,1051.88
600507,方大特钢,4.64,-4.13,13.42,1.09,107.33
600742,富维股份,8.09,-1.94,13.42,0.71,60.11
601928,凤凰传媒,9.03,-1.74,13.43,1.13,229.8
002555,三七互娱,19.57,-0.86,13.43,3.29,310.65
601311,骆驼股份,8.72,-1.13,13.45,1.0,102.3
600867,通化东宝,8.5,-1.16,13.46,2.3,166.48
000728,国元证券,7.18,-0.14,13.46,0.81,313.32
600983,惠而浦,8.8,-1.01,13.52,2.19,67.45
600066,宇通客车,33.35,2.08,13.53,6.26,738.35
601877,正泰电器,28.99,-1.46,13.53,1.37,622.99
600109,国金证券,8.74,1.16,13.57,0.9,323.85
600958,东方证券,9.25,-0.54,13.59,0.96,690.93
002648,卫星化学,23.64,-0.71,13.59,2.25,795.84
601899,紫金矿业,31.58,4.6,13.61,4.26,6506.05
600060,海信视像,26.01,-0.5,13.63,1.56,338.17
600057,厦门象屿,6.28,-3.24,13.66,1.13,131.41
600177,雅戈尔,7.58,-1.04,13.66,0.83,341.36
603816,顾家家居,29.39,0.62,13.66,2.18,238.7
002926,华西证券,8.15,-0.49,13.69,0.85,213.94
600595,中孚实业,7.55,3.28,13.7,1.76,302.6
600585,海螺水泥,20.13,-0.89,13.73,0.55,805.14
600642,申能股份,10.65,-1.02,13.75,1.37,521.19
000899,赣能股份,14.35,-1.17,13.79,2.1,140.01
300388,节能国祯,7.66,-1.79,13.79,1.09,52.17
600377,宁沪高速,13.02,0.7,13.81,1.51,495.04
601600,中国铝业,11.81,4.61,13.81,2.51,1555.77
603799,华友钴业,53.58,0.19,13.82,2.05,1011.38
002001,新 和 成,30.25,1.34,13.85,2.85,918.65
600329,达仁堂,39.39,-1.75,13.91,4.03,223.38
603173,福斯达,34.6,-1.73,13.91,2.66,55.36
002379,宏桥控股,21.05,0.43,13.92,5.6,239.21
603713,密尔克卫,56.28,-2.39,13.93,1.87,88.99
600803,新奥股份,19.63,-1.01,13.94,2.51,602.98
600125,铁龙物流,5.76,-1.2,13.95,0.96,75.2
600104,上汽集团,12.28,0.57,13.96,0.47,1411.62
600809,山西汾酒,125.7,-1.9,13.96,3.41,1533.5
600961,株冶集团,25.98,4.17,13.99,5.52,195.32
000513,丽珠集团,30.93,0.1,13.99,1.89,175.73
600346,XD恒力石,17.79,1.83,14.02,1.82,1252.26
603871,嘉友国际,12.38,1.06,14.03,2.69,169.36
600795,国电电力,5.32,1.33,14.06,1.55,948.85
600887,伊利股份,26.86,-0.52,14.06,2.85,1690.55
000915,华特达因,27.8,0.11,14.06,2.19,65.1
600380,健康元,10.12,-1.17,14.08,1.19,185.14
600020,中原高速,4.01,-1.72,14.09,0.76,90.12
301061,匠心家居,41.18,-3.63,14.11,2.75,77.8
002697,红旗连锁,4.85,-2.41,14.14,1.38,55.55
002236,大华股份,16.9,0.3,14.16,1.5,404.1
600933,爱柯迪,15.61,-0.95,14.19,1.64,153.14
000411,英特集团,12.07,-0.66,14.19,1.26,68.04
002468,申通快递,14.76,-2.45,14.2,1.98,216.1
002911,佛燃能源,11.29,-2.42,14.2,3.47,143.05
002939,长城证券,8.33,-1.07,14.2,1.03,300.1
000157,中联重科,7.12,-1.39,14.21,1.06,503.36
601233,桐昆股份,19.84,-0.15,14.22,1.17,471.13
000333,美的集团,82.6,1.1,14.23,2.71,5667.57
002043,兔 宝 宝,12.88,-4.73,14.27,3.35,104.01
002345,潮宏基,9.18,-2.86,14.27,2.2,79.61
601512,中新集团,8.73,-1.36,14.28,0.85,130.85
003013,地铁设计,14.91,0.0,14.29,2.04,59.63
600989,宝丰能源,24.55,-0.32,14.32,3.67,1800.34
002034,旺能环境,20.0,0.0,14.32,1.42,102.91
002299,圣农发展,17.14,-2.34,14.34,1.9,208.93
002928,华夏航空,7.61,-1.3,14.35,2.44,97.27
603939,益丰药房,20.52,-1.96,14.39,2.09,248.78
688009,中国通号,4.96,1.22,14.41,1.1,427.6
300815,玉禾田,20.34,-0.97,14.45,1.72,79.4
601216,君正集团,5.19,-0.38,14.47,1.47,437.93
600618,氯碱化工,10.48,-1.78,14.48,1.27,78.58
600711,盛屯矿业,12.61,3.36,14.49,2.25,389.73
300979,华利集团,35.17,1.01,14.51,2.72,410.43
601333,广深铁路,3.15,1.94,14.52,0.77,178.05
000963,华东医药,29.0,-0.21,14.52,1.98,508.37
688101,三达膜,17.53,-1.85,14.53,1.31,58.2
600648,外高桥,9.72,-0.61,14.54,0.83,110.59
603508,思维列控,22.58,0.22,14.59,2.17,86.09
001965,招商公路,9.94,-0.4,14.59,0.96,675.43
603298,杭叉集团,24.88,-1.43,14.61,2.83,325.88
601995,中金公司,34.3,1.33,14.62,1.61,1002.78
002014,永新股份,10.5,-0.57,14.62,2.68,63.28
002318,久立特材,22.66,-3.82,14.62,2.72,216.33
300415,伊之密,22.22,1.23,14.64,3.07,100.68
605183,确成股份,15.45,-3.38,14.66,1.7,63.72
000951,中国重汽,22.73,4.89,14.68,1.61,265.71
002483,润邦股份,5.94,0.0,14.68,1.14,52.58
605050,福然德,11.08,0.54,14.71,1.22,54.61
002478,常宝股份,7.16,-3.63,14.73,1.06,51.75
603198,迎驾贡酒,36.75,-2.13,14.76,2.56,294.0
603233,大参林,16.67,0.24,14.76,2.47,189.85
600219,南山铝业,5.32,1.33,14.78,1.24,610.93
603259,药明康德,99.75,-0.24,14.79,3.74,2467.1
601199,江南水务,5.71,-2.89,14.8,1.14,53.4
300043,星辉娱乐,4.77,-2.85,14.8,3.32,59.32
600270,外运发展,20.99,0.0,14.81,2.25,190.06
000900,现代投资,3.86,-1.03,14.85,0.54,58.58
002020,京新药业,13.12,-2.6,14.87,1.85,94.98
600295,鄂尔多斯,13.62,-0.73,14.89,1.7,269.07
002120,韵达股份,6.87,-1.58,14.89,0.94,193.4
002293,罗莱生活,9.9,-0.8,14.89,2.07,81.87
600566,济川药业,28.13,1.44,14.92,1.73,258.39
603612,索通发展,21.3,2.11,14.97,1.8,106.1
002444,巨星科技,32.18,-0.37,14.99,2.01,369.02
002701,奥瑞金,5.04,-0.98,15.01,1.26,128.89
300181,佐力药业,13.92,-1.9,15.01,3.07,83.93
600300,维维股份,3.23,-2.42,15.02,1.48,52.23
601801,皖新传媒,5.76,-1.2,15.04,0.93,112.78
002961,瑞达期货,21.13,-2.63,15.05,2.52,100.78
301219,腾远钴业,77.68,1.5,15.08,2.32,163.45
002563,森马服饰,5.54,-1.77,15.09,1.32,122.27
601975,招商南油,4.71,-4.85,15.11,1.86,220.44
603680,今创集团,11.98,-1.24,15.11,1.6,93.89
600079,ST人福,17.63,-0.79,15.12,1.48,272.06
002039,黔源电力,22.55,-0.31,15.12,2.21,96.41
600662,外服控股,4.5,-1.96,15.16,1.9,102.44
601965,中国汽研,15.92,0.7,15.21,2.0,158.95
603111,康尼机电,6.3,-0.63,15.24,1.32,53.73
603055,台华新材,8.57,-2.39,15.26,1.41,76.02
605305,XD中际联,40.3,-0.59,15.28,2.87,85.65
600317,营口港,2.6,0.0,15.36,1.3,168.3
002533,金杯电工,12.48,-2.04,15.39,2.19,79.58
001286,陕西能源,13.12,-4.58,15.4,1.79,177.12
002517,恺英网络,15.62,-2.86,15.41,3.22,295.08
002352,顺丰控股,34.9,-0.65,15.42,1.79,1664.73
603367,辰欣药业,13.92,-1.28,15.43,1.0,63.02
603515,欧普照明,18.91,1.12,15.44,1.97,139.24
603100,川仪股份,19.33,-1.88,15.47,2.12,98.88
603128,华贸物流,5.47,-0.73,15.47,1.13,71.6
300428,立中集团,20.82,-0.53,15.47,1.57,124.25
002233,塔牌集团,8.13,-0.97,15.5,0.82,95.39
603369,今世缘,29.19,-2.57,15.52,2.03,363.94
600886,国投电力,14.46,-0.34,15.57,1.68,1077.87
000792,盐湖股份,30.35,-0.1,15.57,3.59,1605.98
300360,炬华科技,14.75,-1.4,15.57,1.78,73.79
603599,广信股份,11.18,-1.67,15.58,1.0,101.77
688526,科前生物,13.06,-1.58,15.62,1.52,60.88
001914,招商积余,9.94,-1.29,15.67,0.96,104.74
600660,福耀玻璃,54.24,3.35,15.74,3.93,1086.42
002734,利民股份,16.69,1.15,15.76,2.04,72.49
600582,天地科技,5.5,-0.54,15.77,0.87,227.62
000088,盐 田 港,4.48,-0.44,15.79,1.27,141.7
002432,九安医疗,77.79,0.0,15.8,1.68,361.94
600415,小商品城,12.66,-2.31,15.81,2.91,694.22
601225,陕西煤业,26.37,-1.49,15.81,2.5,2556.57
601872,招商轮船,15.49,-0.26,15.81,2.78,1250.75
002437,誉衡药业,2.92,-2.34,15.82,2.73,61.32
600004,白云机场,8.23,-0.84,15.83,1.0,194.78
603568,伟明环保,14.95,-2.61,15.84,2.15,306.24
600285,羚锐制药,22.05,0.68,15.85,3.43,124.77
000791,甘肃能源,10.08,4.67,15.88,2.21,195.11
002984,森麒麟,14.93,-2.1,15.9,1.14,106.59
600674,川投能源,15.44,-1.91,15.92,1.62,752.64
601886,江河集团,8.69,-1.81,15.92,1.4,98.46
603153,上海建科,14.42,-2.3,15.92,1.52,58.23
002284,亚太股份,11.47,-0.35,15.93,2.42,83.98
600050,中国联通,4.42,0.45,15.96,0.81,1369.78
605507,国邦医药,15.64,-1.2,15.96,1.46,122.36
000957,中通客车,10.3,-1.15,15.96,1.89,61.07
601377,兴业证券,5.81,0.69,15.98,0.89,501.75
002448,中原内配,13.5,-0.3,15.99,2.02,78.37
600941,中国移动,100.42,1.54,16.02,1.53,906.56
603588,高能环境,12.79,3.4,16.02,1.93,194.82
603899,晨光股份,23.13,-0.47,16.02,2.44,213.02
600578,京能电力,8.49,0.59,16.03,2.25,568.37
301004,嘉益股份,38.16,-2.3,16.05,3.1,51.94
002244,滨江集团,10.07,-4.46,16.06,1.03,277.69
601633,长城汽车,17.04,0.29,16.09,1.65,1058.06
600012,皖通高速,17.6,3.53,16.14,2.25,205.15
600170,上海建工,2.58,-0.39,16.17,0.73,229.26
688578,艾力斯,86.88,-2.61,16.19,5.23,390.96
600607,上实医药,23.52,0.0,16.21,3.74,86.51
600216,浙江医药,12.7,-1.47,16.26,1.09,120.83
601788,光大证券,14.37,0.35,16.27,1.07,561.39
002997,瑞鹄模具,31.18,0.45,16.27,2.53,65.27
002073,软控股份,5.7,-1.72,16.33,0.92,57.8
300446,航天智造,16.08,-1.35,16.33,2.25,60.07
601808,中海油服,13.07,-0.15,16.37,1.31,386.93
600028,中国石化,4.82,-1.03,16.4,0.7,4567.07
000895,双汇发展,24.93,-0.4,16.42,4.34,863.63
603043,广州酒家,14.15,-1.26,16.43,2.14,79.8
601878,浙商证券,9.38,-0.42,16.45,1.14,429.02
603194,中力股份,34.98,0.55,16.52,2.54,55.28
600587,新华医疗,13.37,-1.69,16.55,1.03,81.11
600166,福田汽车,3.0,0.67,16.61,1.48,237.52
000755,山西高速,5.35,0.56,16.69,1.39,78.5
000538,云南白药,49.46,-0.72,16.79,2.25,876.89
688425,铁建重工,4.41,-1.56,16.81,1.25,235.21
600426,华鲁恒升,29.69,-0.37,16.86,1.85,627.96
600179,安通控股,4.39,-1.35,16.91,1.53,169.55
002895,川恒股份,34.8,-2.38,16.91,3.01,207.05
603733,仙鹤股份,24.57,0.99,16.93,1.98,173.89
002267,陕天然气,7.58,-1.69,16.99,1.2,84.3
600267,海正药业,9.98,-1.67,17.04,1.34,119.64
601966,玲珑轮胎,12.18,0.5,17.05,0.78,178.25
002959,小熊电器,37.45,-0.95,17.05,2.03,56.37
002673,西部证券,6.67,-0.3,17.06,0.98,298.12
000567,海德股份,6.18,-1.9,17.07,2.01,120.42
600686,金龙汽车,13.63,0.59,17.1,2.69,97.73
000581,威孚高科,19.25,0.0,17.1,0.92,152.83
600350,山东高速,11.46,-1.38,17.13,1.81,554.04
600480,凌云股份,10.85,-1.27,17.15,1.61,131.6
000778,新兴铸管,4.36,-2.02,17.15,0.65,169.76
301039,中集车辆,8.07,-0.98,17.15,1.03,117.21
601038,一拖股份,12.91,-0.69,17.17,1.76,94.46
300850,新强联,33.05,-2.51,17.17,1.95,99.41
000425,徐工机械,9.67,-1.43,17.19,1.82,867.58
603379,三美股份,61.05,-0.6,17.2,4.32,372.7
002539,云图控股,12.49,-0.48,17.2,1.55,111.14
600251,冠农股份,10.07,-1.56,17.21,1.94,78.24
603766,隆鑫通用,13.55,4.88,17.26,3.23,278.25
601702,华峰铝业,20.39,0.64,17.28,3.05,203.6
002605,姚记科技,19.3,-1.53,17.29,2.07,65.28
600420,国药现代,9.27,0.0,17.3,0.89,124.33
601200,上海环境,7.76,-1.02,17.32,0.88,104.47
002833,弘亚数控,18.11,-3.21,17.32,2.81,52.2
600739,辽宁成大,10.71,-1.38,17.34,0.55,163.04
002375,亚厦股份,4.26,-2.96,17.36,0.69,56.7
000596,古井贡酒,93.05,-1.94,17.4,1.88,380.2
000975,山金国际,23.04,1.5,17.4,4.31,581.35
603605,珀莱雅,64.88,-3.35,17.43,4.04,256.91
601949,中国出版,5.27,-1.5,17.44,1.01,100.34
603456,九洲药业,12.78,-0.08,17.44,1.28,113.67
600196,复星医药,22.72,-1.17,17.45,1.23,481.32
603855,华荣股份,18.02,-0.17,17.47,2.71,60.46
603013,亚普股份,19.32,-1.83,17.5,2.2,98.19
002003,伟星股份,9.39,0.97,17.52,2.66,95.98
601022,宁波远洋,8.29,-2.93,17.54,1.73,108.49
002032,苏 泊 尔,46.17,-0.02,17.54,8.01,369.12
603658,安图生物,31.81,-1.0,17.57,2.16,181.77
002602,世纪华通,14.98,-1.51,17.57,3.47,1018.16
002275,桂林三金,13.57,-1.09,17.61,2.4,75.6
002507,涪陵榨菜,11.74,-1.51,17.63,1.54,135.1
003012,东鹏控股,5.07,-1.74,17.65,0.81,57.52
601021,春秋航空,47.35,-2.13,17.66,2.49,463.24
600909,华安证券,7.11,-1.66,17.71,1.35,357.22
002752,昇兴股份,6.64,-2.64,17.73,1.81,64.77
600993,马应龙,24.32,0.12,17.75,2.28,104.65
603279,景津装备,14.72,-1.87,17.78,1.9,84.84
600600,青岛啤酒,61.01,-0.75,17.79,2.57,432.64
601728,中国电信,6.16,1.82,17.8,1.2,4781.99
300435,中泰股份,18.13,-2.53,17.81,2.08,66.88
000682,东方电子,13.66,-4.81,17.83,2.98,183.13
000422,湖北宜化,14.06,-2.36,17.85,2.46,148.73
600817,宇通重工,10.11,-2.22,17.86,2.07,53.51
600309,万华化学,75.16,-0.91,17.88,2.19,2352.86
600489,中金黄金,23.18,2.75,17.9,3.43,1123.61
002255,海陆重工,9.62,-2.14,17.9,1.74,61.37
600258,首旅酒店,13.46,-0.88,17.94,1.23,150.29
600531,豫光金铅,13.44,2.67,17.94,2.29,162.52
603053,成都燃气,9.47,-1.66,17.95,1.67,84.18
002749,国光股份,9.42,-0.11,17.95,2.97,51.27
300358,楚天科技,8.33,-1.42,18.0,1.07,58.42
001323,慕思股份,20.95,-0.38,18.02,1.98,65.21
600120,浙江东方,4.89,-0.81,18.03,1.02,167.01
600988,赤峰黄金,34.15,1.94,18.09,4.74,568.23
002287,奇正藏药,21.14,-0.94,18.11,2.4,120.7
603181,皇马科技,13.77,-3.23,18.12,2.24,81.06
603195,公牛集团,41.73,-1.6,18.16,4.23,751.42
689009,九号公司-WD,37.84,-2.15,18.17,3.69,210.26
600750,华润江中,26.02,0.54,18.18,3.83,163.62
000100,TCL科技,4.43,0.68,18.21,1.47,847.55
002266,浙富控股,5.07,0.0,18.26,2.09,245.52
601006,大秦铁路,5.18,-0.77,18.27,0.63,1043.62
601061,中信金属,13.04,0.85,18.28,2.64,638.96
000883,湖北能源,5.32,-1.85,18.29,1.0,344.71
000887,中鼎股份,20.96,-0.8,18.29,1.88,275.49
300573,兴齐眼药,38.71,-0.26,18.29,7.13,106.22
600866,星湖科技,5.05,-1.37,18.33,1.03,63.42
002226,江南化工,5.09,-1.55,18.33,1.39,134.83
000423,东阿阿胶,50.37,1.31,18.34,3.29,323.8
600007,中国国贸,21.79,0.28,18.35,2.18,219.49
002773,康弘药业,21.33,0.38,18.36,2.05,146.49
605090,九丰能源,36.64,-1.16,18.37,2.25,258.14
605338,巴比食品,21.73,-1.5,18.39,2.48,52.06
600026,中远海能,18.55,-1.33,18.43,2.1,708.98
000429,粤高速Ａ,14.07,-0.64,18.44,2.55,183.38
600535,天士力,14.34,0.0,18.45,1.7,214.23
605319,无锡振华,24.87,0.0,18.47,3.05,86.59
300470,中密控股,31.77,-1.4,18.48,2.22,62.63
000418,小天鹅A,57.39,0.0,18.57,4.06,252.14
300628,亿联网络,39.5,3.54,18.57,6.0,286.71
600352,浙江龙盛,11.28,0.36,18.63,1.11,366.98
688187,时代电气,56.88,-1.42,18.66,1.78,494.23
600486,扬农化工,58.15,-0.72,18.68,1.99,234.92
601816,京沪高铁,5.1,1.59,18.69,1.19,2495.21
002204,大连重工,5.94,-2.46,18.74,1.43,114.72
002690,美亚光电,15.48,-0.58,18.79,5.67,67.14
688128,中国电研,25.21,-0.83,18.81,2.83,101.97
002415,海康威视,30.75,2.3,18.87,3.56,2781.77
603979,金诚信,76.35,4.15,18.91,4.16,476.26
600900,长江电力,27.96,0.68,18.96,3.0,6841.31
002216,三全食品,13.08,-3.54,18.99,2.36,82.47
600631,百联股份(已合并),15.68,0.0,19.0,2.57,172.64
300910,瑞丰新材,33.8,-2.31,19.0,3.67,90.68
600221,海航控股,1.51,-0.66,19.01,9.38,646.97
002941,新疆交建,12.09,-2.5,19.02,1.88,88.23
002083,孚日股份,9.69,-2.81,19.06,1.88,91.7
000027,深圳能源,8.02,0.0,19.07,1.14,381.54
600826,兰生股份,8.75,-2.56,19.09,1.48,64.36
600529,山东药玻,19.21,0.26,19.11,1.54,127.48
002249,大洋电机,8.52,-1.27,19.15,2.17,158.64
002832,比音勒芬,20.32,-0.15,19.15,2.02,79.13
002262,恩华药业,20.26,-1.94,19.16,2.58,179.08
688819,天能股份,24.6,-1.4,19.19,1.4,239.14
002603,以岭药业,15.77,-1.19,19.24,2.31,217.08
600388,龙净环保,17.77,-3.95,19.27,2.1,225.69
300119,瑞普生物,16.28,-1.27,19.29,1.63,54.31
600548,深高速,8.98,-0.55,19.3,0.97,153.96
002452,长高电新,11.4,-3.8,19.33,2.6,58.74
688169,石头科技,106.03,-1.81,19.36,1.92,274.73
600787,中储股份,4.83,-1.23,19.37,0.75,104.81
002545,东方铁塔,21.83,-0.55,19.37,2.66,246.71
601089,XD福元医,17.53,-2.77,19.38,2.31,84.14
002101,广东鸿图,9.07,-0.77,19.39,0.76,60.06
603227,雪峰科技,8.79,-3.72,19.4,1.86,94.2
600389,江山股份,25.28,1.81,19.45,2.6,108.87
002906,华阳集团,29.47,0.75,19.53,2.24,154.6
603969,银龙股份,8.12,0.74,19.57,2.5,68.99
002558,巨人网络,25.63,-2.73,19.59,3.05,487.11
600499,科达制造,15.85,-0.88,19.63,2.31,303.98
600425,青松建化,3.74,-1.06,19.67,0.93,60.02
600102,莱钢股份,7.13,0.0,19.68,1.06,65.76
000928,中钢国际,6.01,-0.66,19.68,1.0,86.22
600519,贵州茅台,1307.22,-0.18,19.76,6.1,16341.32
600017,日照港,2.82,-1.05,19.78,0.62,86.73
002946,新乳业,18.03,-3.43,19.79,4.06,153.38
600790,轻纺城,4.1,-1.68,19.8,1.01,60.1
600031,三一重工,18.14,0.39,19.81,1.84,1537.25
600361,创新新材,4.5,-1.1,19.88,1.47,167.97
600982,宁波能源,6.74,1.05,19.92,1.72,75.33
300009,安科生物,8.27,-0.96,19.92,3.2,101.74
000729,燕京啤酒,12.59,-3.08,19.95,2.25,315.96
002768,国恩股份,65.41,3.02,19.97,2.86,115.61
600298,安琪酵母,36.86,0.33,19.99,2.57,315.95
002311,海大集团,47.2,-2.8,19.99,3.18,776.04
002500,山西证券,5.18,-0.96,20.0,0.99,185.95
603486,科沃斯,58.4,-2.0,20.02,3.64,334.84
605116,奥锐特,19.46,-2.51,20.08,2.93,79.04
301035,润丰股份,52.83,-3.22,20.2,2.62,192.28
600335,国机汽车,5.63,-0.71,20.25,0.72,83.74
605098,行动教育,56.15,-1.2,20.25,6.53,66.96
603235,天新药业,24.08,-1.75,20.27,2.08,105.42
300641,正丹股份,15.15,-1.69,20.27,2.43,79.62
601088,中国神华,48.24,-1.55,20.29,2.09,7955.28
002847,盐津铺子,59.64,-2.29,20.31,7.49,145.43
603393,新天然气,27.6,-0.72,20.36,1.24,116.81
600284,浦东建设,5.92,-3.11,20.38,0.73,57.44
002541,鸿路钢构,18.97,1.72,20.38,1.33,94.12
000650,仁和药业,5.38,-0.92,20.4,1.17,71.63
001207,联科科技,18.63,1.47,20.55,2.44,54.52
688789,宏华数科,52.82,-1.82,20.63,2.63,95.21
000549,S湘火炬,8.9,0.0,20.68,4.1,55.09
603112,华翔股份,21.94,1.76,20.72,2.69,117.29
601198,东兴证券,13.31,0.23,20.73,1.4,430.24
002978,安宁股份,28.29,1.25,20.78,1.52,104.47
000997,新 大 陆,20.18,-2.65,20.84,2.71,203.3
300140,节能环境,6.12,-0.97,20.84,1.32,62.43
601001,晋控煤业,20.65,2.23,20.85,1.77,345.62
603317,天味食品,14.6,-2.34,20.86,3.72,155.45
002223,鱼跃医疗,26.84,0.9,20.93,2.06,252.91
300695,兆丰股份,61.95,-0.5,20.94,2.2,63.35
000065,北方国际,11.85,-2.87,20.95,1.23,115.53
002423,中粮资本,9.23,-1.07,21.03,0.89,212.67
300596,利安隆,47.73,0.29,21.05,2.21,109.6
002332,仙琚制药,8.52,-0.7,21.09,1.43,83.89
002372,伟星新材,9.9,-1.59,21.11,3.54,145.61
600681,百川能源,3.87,-1.02,21.17,1.41,51.85
603299,苏盐井神,10.43,0.19,21.19,1.21,81.41
000709,河钢股份,2.24,-0.88,21.19,0.44,231.51
603129,春风动力,232.76,-1.5,21.23,4.85,357.25
600754,锦江酒店,20.5,-1.63,21.3,1.4,185.74
600598,北大荒,14.49,-0.82,21.32,3.39,257.59
603337,杰克科技,38.83,-0.77,21.34,3.44,183.95
600621,华鑫股份,13.15,-0.45,21.35,1.49,139.51
603587,地素时尚,12.55,-3.46,21.37,1.59,59.5
600348,华阳股份,9.42,-3.88,21.38,1.22,339.83
000739,普洛药业,16.45,-2.08,21.38,3.03,190.49
600089,特变电工,26.12,-1.28,21.4,1.83,1319.79
000617,中油资本,7.79,-1.14,21.44,0.93,984.82
002026,山东威达,12.51,2.46,21.44,1.43,55.11
300002,神州泰岳,8.0,-1.23,21.44,2.01,147.74
301015,百洋医药,21.01,-3.71,21.5,5.05,110.42
605368,蓝天燃气,7.15,-0.97,21.67,1.54,51.1
002714,牧原股份,36.76,-2.8,21.7,2.53,1396.95
601330,绿色动力,9.7,-0.1,21.71,1.68,95.94
688093,世华科技,30.77,1.15,21.73,3.1,86.27
300832,新产业,45.17,-3.01,21.84,4.15,308.57
688016,心脉医疗,104.45,3.93,21.88,3.05,128.75
300888,稳健医疗,28.97,-1.76,21.88,1.46,167.94
601799,星宇股份,127.03,0.42,21.9,3.28,362.9
603596,伯特利,31.93,-0.56,21.92,3.66,286.62
603223,恒通股份,9.88,-1.69,22.01,1.71,69.74
603885,吉祥航空,11.45,-3.94,22.03,2.42,250.07
000551,创元科技,15.45,-1.21,22.05,2.46,74.86
000557,西部创业,4.22,-1.63,22.07,0.96,61.52
601866,中远海发,2.58,0.0,22.08,1.09,251.6
688349,三一重能,19.51,-3.75,22.1,1.67,232.07
600572,康恩贝,4.23,-0.7,22.2,1.48,107.03
600025,华能水电,10.18,0.79,22.21,2.67,1896.65
688278,特宝生物,55.15,-1.52,22.21,6.66,225.12
603277,银都股份,11.89,-1.33,22.22,2.56,72.5
688208,道通科技,30.87,2.15,22.22,5.87,206.89
601868,中国能建,2.86,-1.72,22.26,1.06,927.46
002027,分众传媒,5.55,-2.29,22.26,5.19,801.54
002010,传化智联,5.32,-1.3,22.31,0.81,146.69
300685,艾德生物,20.41,0.0,22.37,4.26,79.51
600021,上海电力,19.9,-3.35,22.41,2.7,561.43
603707,健友股份,8.15,-1.57,22.48,1.9,131.68
002454,松芝股份,5.78,-1.2,22.52,1.28,50.71
000089,深圳机场,6.82,-0.58,22.54,1.18,139.86
300144,宋城演艺,6.72,-1.32,22.61,2.25,174.54
000923,河钢资源,16.15,3.33,22.72,1.05,101.41
300760,迈瑞医疗,146.99,-1.63,22.74,4.62,1780.64
300146,汤臣倍健,9.82,-2.58,22.78,1.54,110.05
000950,重药控股,5.7,-2.23,22.79,0.84,98.51
002662,峰璟股份,3.45,-2.54,22.82,1.16,51.75
603025,大豪科技,15.94,0.82,22.83,7.23,176.8
605333,沪光股份,20.58,-0.15,22.83,2.77,95.5
300059,东方财富,18.91,-0.32,22.83,3.12,2525.11
000703,恒逸石化,13.16,2.09,22.84,1.9,500.33
601369,陕鼓动力,9.19,-4.96,22.89,1.74,156.8
601958,金钼股份,24.06,3.71,22.98,3.92,776.32
300012,华测检测,14.46,0.28,22.99,3.19,206.96
603165,荣晟环保,16.84,-0.53,23.0,2.04,52.66
002258,利尔化学,12.7,0.55,23.06,1.27,101.49
300595,欧普康视,12.0,-1.56,23.08,2.17,80.22
600458,时代新材,12.95,2.05,23.17,1.5,112.47
002841,视源股份,36.58,-1.48,23.18,1.95,190.0
601985,中国核电,9.28,1.09,23.19,1.59,1752.37
603218,日月股份,11.68,-2.42,23.26,1.15,120.18
688155,先惠技术,82.25,-1.58,23.32,4.39,103.99
601003,柳钢股份,3.85,-3.27,23.36,1.08,98.67
605499,东鹏饮料,149.6,-1.77,23.41,5.76,1011.32
002351,漫步者,11.37,-0.96,23.45,3.49,59.24
600814,杭州解百,7.29,-1.49,23.49,1.4,53.59
002392,北京利尔,8.0,-0.62,23.52,1.6,92.6
600188,兖矿能源,23.86,-0.5,23.53,3.13,1422.38
601456,国联民生,8.84,-0.34,23.58,0.94,386.93
601952,苏垦农发,8.82,-1.23,23.62,1.72,121.54
600369,西南证券,4.01,-0.5,23.64,1.0,266.47
002831,裕同科技,41.01,4.35,23.64,3.06,209.56
601789,宁波建工,4.91,-2.58,23.66,1.19,53.36
603883,老百姓,12.34,-1.44,23.7,1.38,93.65
000893,亚钾国际,46.81,2.21,23.76,3.11,380.01
600406,国电南瑞,24.64,-2.3,23.79,3.7,1973.21
300456,赛微电子,46.2,3.82,23.79,5.32,276.02
600312,平高电气,20.63,-3.24,23.8,2.4,279.93
605007,五洲特纸,13.99,-1.76,23.81,1.85,56.18
601567,三星电气,16.16,-2.12,23.85,1.94,227.08
002241,歌尔股份,26.7,0.75,23.85,2.58,839.24
600872,中炬高新,18.97,-3.26,23.87,2.49,146.26
002461,珠江啤酒,9.99,-1.96,23.88,1.97,221.11
600557,康缘药业,12.68,-1.4,23.95,1.47,71.79
601127,赛力斯,82.01,2.4,23.96,3.46,1277.06
002315,焦点科技,28.48,0.67,23.99,4.42,74.88
301048,金鹰重工,9.63,-2.92,23.99,1.79,51.36
601020,华钰矿业,25.09,1.01,24.04,4.78,205.73
301589,诺瓦星云,151.8,-3.68,24.16,3.74,52.32
600927,永安期货,13.56,-2.59,24.25,1.47,197.37
600150,中国船舶,36.45,-0.79,24.26,1.83,2743.09
002880,卫光生物,24.99,-1.19,24.27,2.36,56.68
605088,冠盛股份,34.61,0.46,24.28,2.37,69.12
002430,杭氧股份,24.58,-1.21,24.34,2.39,240.38
605009,豪悦护理,25.52,-2.15,24.4,1.58,54.88
300444,双杰电气,14.15,-4.71,24.43,5.48,88.78
603166,福达股份,12.36,-0.4,24.44,3.06,79.19
000916,华北高速,8.82,0.0,24.44,2.0,96.14
603300,海南华铁,5.47,-2.5,24.49,1.64,109.1
601890,亚星锚链,8.92,-1.98,24.5,2.2,85.58
002537,海联金汇,6.31,-1.87,24.55,1.69,73.78
002550,千红制药,6.2,-2.05,24.57,2.98,58.36
000024,招商地产,40.5,0.0,24.59,3.17,415.7
002064,华峰化学,10.04,-1.28,24.64,1.78,497.18
000338,潍柴动力,32.22,-4.39,24.69,2.93,1595.93
601882,海天精工,20.89,-1.97,24.7,3.76,109.05
601158,重庆水务,4.3,-0.92,24.73,1.18,206.4
000888,峨眉山Ａ,10.34,-2.54,24.73,2.0,54.48
603786,科博达,48.22,-0.43,24.78,3.53,194.74
000968,蓝焰控股,7.64,-2.68,24.81,1.16,73.92
003816,中国广核,4.66,-0.64,24.81,1.87,1833.02
002683,广东宏大,31.7,-0.03,24.91,3.6,211.3
002340,格林美,7.78,0.65,24.94,1.82,394.91
301345,涛涛车业,207.47,-2.28,24.96,6.26,72.68
300866,安克创新,117.63,-4.12,25.02,6.15,361.81
600906,财达证券,6.82,1.64,25.08,1.77,144.87
300015,爱尔眼科,9.08,-1.3,25.12,3.67,722.35
603239,浙江仙通,19.02,-2.86,25.2,3.98,51.49
300442,润泽科技,80.23,-2.38,25.21,9.18,1308.99
000400,许继电气,26.54,-2.5,25.25,2.2,268.51
003039,顺控发展,12.97,-1.44,25.31,2.69,80.09
002074,国轩高科,32.17,-1.26,25.33,2.02,558.55
300401,花园生物,12.06,-2.03,25.35,2.03,64.51
300750,宁德时代,433.89,3.28,25.42,6.14,18470.24
603093,南华期货,21.48,-1.47,25.47,2.68,131.04
000858,五 粮 液,82.71,-0.84,25.48,2.51,3210.4
603355,莱克电气,26.21,-3.53,25.53,2.66,150.29
002920,德赛西威,99.99,-0.9,25.58,3.94,596.56
603659,璞泰来,30.85,0.52,25.59,3.21,659.08
001391,国货航,5.2,-0.76,25.62,2.32,79.01
603217,元利科技,25.53,-4.42,25.63,1.53,53.12
300529,健帆生物,18.13,-0.71,25.65,4.56,92.91
600558,大西洋,5.63,-2.6,25.66,2.04,50.54
605016,XD百龙创,24.91,-1.97,25.66,5.2,104.63
688036,传音控股,62.26,0.42,25.68,3.55,716.73
000989,九芝堂,8.16,-1.21,25.77,1.93,56.64
002595,豪迈科技,53.09,0.93,25.78,5.25,611.59
601059,信达证券,17.03,-0.53,25.79,2.49,552.28
603606,东方电缆,42.6,-2.92,25.8,4.33,351.37
002349,精华制药,6.92,-2.12,25.8,2.09,56.34
300443,金雷股份,26.46,-2.22,25.92,1.34,64.24
601880,辽港股份,1.61,-0.62,25.96,0.93,296.45
688100,威胜信息,35.65,-3.1,25.96,4.95,175.29
002085,万丰奥威,11.68,-2.1,25.96,3.25,248.0
600848,上海临港,9.51,4.05,26.03,1.43,227.66
600888,新疆众和,11.83,0.08,26.05,1.44,183.73
002698,博实股份,12.54,-0.63,26.06,3.03,105.37
600167,联美控股,6.92,0.0,26.07,1.31,156.59
300759,康龙化成,24.04,-2.04,26.08,2.68,341.38
600141,兴发集团,31.23,-1.26,26.1,1.5,375.3
002029,七 匹 狼,8.63,-2.38,26.12,0.9,57.42
000597,东北制药,4.59,-2.34,26.16,1.18,64.68
601069,西部黄金,27.9,1.53,26.18,4.84,247.53
002901,大博医疗,40.78,-0.12,26.25,4.53,117.61
002252,上海莱士,5.25,-1.13,26.27,1.07,348.27
002850,科达利,173.87,-0.07,26.3,3.72,349.98
600395,盘江股份,5.88,-2.81,26.33,1.18,126.22
603699,纽威股份,57.18,-0.38,26.33,8.86,433.51
603132,金徽股份,17.6,1.03,26.34,5.4,172.13
000920,沃顿科技,12.28,0.16,26.36,2.89,58.04
000683,博源化工,7.26,0.0,26.38,2.07,242.64
601619,嘉泽新能,5.5,-3.51,26.44,2.01,133.91
000672,上峰水泥,16.11,-3.19,26.49,1.81,156.17
600723,首商股份,8.93,0.0,26.51,1.44,58.77
600633,浙数文化,12.32,-1.36,26.53,1.5,156.23
000408,藏格矿业,79.24,4.19,26.57,7.05,1243.19
600559,老白干酒,12.91,-1.75,26.67,2.16,117.42
002130,沃尔核材,21.46,-4.03,26.71,3.28,246.14
002511,中顺洁柔,7.37,-0.41,26.74,1.72,93.23
600547,山东黄金,29.93,1.77,26.75,4.31,1081.8
002472,双环传动,39.98,3.09,26.76,3.3,299.26
300896,爱美客,101.31,-2.91,26.76,4.02,207.13
600862,中航高科,17.76,-0.56,26.78,3.12,247.41
600816,建元信托,3.03,-0.98,26.9,1.95,165.71
601990,南京证券,6.69,-0.45,26.9,1.25,246.62
600161,天坛生物,13.25,-1.63,26.94,2.21,262.0
688029,南微医学,79.81,-0.47,26.97,3.53,149.92
000830,鲁西化工,13.22,-1.49,27.02,1.3,251.73
300841,康华生物,47.11,-1.96,27.02,1.75,56.02
002960,青鸟智控,8.1,-2.29,27.06,1.39,78.43
600664,哈药股份,3.33,-1.77,27.07,1.43,83.87
002538,ST司特,6.22,-1.58,27.08,1.0,53.06
000712,锦龙股份,10.99,-0.54,27.09,3.69,98.44
002270,华明装备,21.2,-2.44,27.09,6.48,190.0
601028,玉龙股份,12.83,0.0,27.25,2.91,100.46
000625,长安汽车,8.46,4.83,27.29,1.09,699.4
601177,杭齿前进,17.62,-0.79,27.35,2.47,70.49
001696,宗申动力,14.6,-1.75,27.37,3.01,130.14
002842,翔鹭钨业,32.41,0.97,27.48,7.26,87.01
300893,松原安全,21.39,3.73,27.49,4.79,53.66
603236,移远通信,52.49,-1.7,27.59,3.07,192.28
001316,润贝航科,36.12,-0.17,27.66,4.43,54.25
603848,好太太,14.51,-1.83,27.75,2.24,58.39
601696,中银证券,11.26,-0.97,27.77,1.62,312.8
002557,洽洽食品,22.5,-0.31,27.8,2.09,113.57
600009,上海机场,24.35,-1.97,27.85,1.4,498.27
603288,海天味业,34.68,-2.88,27.88,4.83,1928.42
301358,湖南裕能,83.98,-1.28,27.9,3.78,638.2
300003,乐普医疗,12.57,-0.79,27.91,1.41,198.47
002891,中宠股份,30.1,-2.87,27.92,2.92,96.89
000758,中色股份,6.85,1.33,27.95,2.19,135.82
002590,万安科技,11.54,-0.17,28.01,1.97,57.12
600054,黄山旅游,11.16,-0.36,28.05,1.69,57.28
300357,我武生物,22.81,-1.38,28.05,4.36,110.38
600956,新天绿能,9.87,0.2,28.06,1.8,231.76
301087,可孚医疗,46.08,-1.98,28.07,2.3,89.39
001301,尚太科技,95.67,4.01,28.12,3.47,177.7
600995,南网储能,15.58,-4.65,28.16,2.19,497.94
600163,中闽能源,6.91,-3.22,28.17,1.79,131.5
001338,永顺泰,11.17,-3.62,28.18,1.5,56.04
601609,金田股份,12.6,2.36,28.22,2.15,217.81
605020,永和股份,35.6,1.4,28.22,3.19,179.04
600116,三峡水利,6.99,-0.71,28.28,1.18,133.66
300457,赢合科技,25.66,-2.95,28.3,2.41,162.9
300035,中科电气,16.54,-2.07,28.33,2.25,96.49
300674,宇信科技,16.88,-1.75,28.34,2.69,118.67
600918,中泰证券,5.51,0.18,28.44,0.98,251.41
600268,国电南自,13.8,-2.61,28.47,3.71,139.49
300259,新天科技,5.91,-4.21,28.47,2.3,69.12
603711,香飘飘,14.31,-2.98,28.49,1.65,59.08
603380,易德龙,37.49,1.9,28.51,3.73,60.15
000750,国海证券,3.71,-0.54,28.69,1.04,215.04
000156,华数传媒,6.96,-2.11,28.76,0.85,118.31
600338,西藏珠峰,17.81,-0.39,28.77,3.6,162.82
300957,贝泰妮,36.9,-3.25,28.77,2.56,156.31
603225,新凤鸣,18.59,3.28,28.87,1.48,310.18
603583,捷昌驱动,25.08,-1.45,28.87,2.06,95.87
688087,英科再生,39.36,4.15,28.88,2.65,73.31
601579,会稽山,16.33,-2.91,28.91,2.01,78.3
600320,振华重工,4.7,-2.49,28.97,1.55,155.58
301216,万凯新材,25.1,0.12,29.01,2.23,137.63
000061,农 产 品,6.34,-3.94,29.07,1.46,113.76
601236,红塔证券,6.88,-0.43,29.13,1.31,324.51
600846,同济科技,11.31,0.53,29.16,1.63,70.66
600699,XD均胜电,26.35,1.39,29.24,2.37,357.06
002497,雅化集团,22.57,-3.05,29.27,2.36,239.15
002013,中航机电,10.78,0.0,29.33,2.87,416.35
600382,广东明珠,8.0,-1.23,29.4,1.85,55.55
688117,圣诺生物,33.1,-3.58,29.4,4.63,52.09
300919,中伟新材,51.29,-1.18,29.45,2.25,468.02
002007,华兰生物,13.87,-1.0,29.53,2.16,218.25
301498,乖宝宠物,43.73,-1.84,29.56,3.77,78.43
601888,中国中免,56.94,-2.97,29.6,2.04,1111.74
603867,新化股份,36.76,-0.38,29.6,2.55,79.29
600835,上海机电,22.22,1.05,29.61,1.61,179.21
600885,宏发股份,35.11,0.63,29.68,4.33,543.36
601865,福莱特,11.56,-1.78,29.68,1.23,219.76
603281,江瀚新材,33.8,-2.4,29.69,2.58,126.19
601611,中国核建,11.56,-1.87,29.76,1.55,348.4
601500,通用股份,4.22,-1.17,29.78,1.09,66.8
603708,家家悦,9.84,-2.86,29.83,2.61,62.81
601228,广州港,3.12,-0.95,29.85,1.09,235.39
688621,阳光诺和,51.97,-1.01,29.86,4.64,58.21
002237,恒邦股份,13.83,1.92,29.93,1.47,164.9
002967,广电计量,20.52,-0.73,29.95,2.73,112.29
601968,宝钢包装,4.6,-1.5,29.98,1.29,58.69
300274,阳光电源,172.7,-0.75,30.02,7.58,2741.66
688513,XD苑东生,46.68,-3.53,30.04,2.84,82.41
688580,伟思医疗,52.21,0.69,30.04,2.85,50.0
000049,德赛电池,25.37,-0.59,30.16,1.45,97.56
688076,ST诺泰,29.56,-1.66,30.21,3.0,93.42
002152,广电运通,10.31,-1.9,30.25,2.1,255.91
002283,天润工业,11.02,0.18,30.27,2.09,110.51
300409,道氏技术,22.1,-2.0,30.29,2.13,151.94
600101,明星电力,10.19,-2.49,30.3,1.77,55.83
301339,通行宝,11.81,-0.84,30.3,2.44,67.29
600737,中粮糖业,14.15,-0.28,30.56,2.6,302.65
600056,中国医药,9.87,-0.8,30.58,1.23,147.59
300861,美畅股份,18.76,-2.24,30.61,1.91,79.14
688697,纽威数控,20.73,0.0,30.63,4.95,94.81
002632,道明光学,10.38,0.29,30.7,3.06,59.63
688219,会通股份,11.2,-1.5,30.73,2.02,61.56
002568,百润股份,19.88,-1.54,30.79,4.11,151.7
002346,柘中股份,19.45,-4.84,30.8,2.97,76.27
603866,桃李面包,4.85,-0.41,30.83,1.47,77.59
688389,普门科技,11.74,-1.18,30.86,2.48,50.3
002250,联化科技,14.2,-1.59,30.86,1.87,127.09
603027,千禾味业,7.76,-1.65,30.87,2.94,96.97
603590,康辰药业,32.81,-4.04,30.93,1.62,51.91
603897,长城科技,45.72,-2.72,30.93,3.72,94.38
000591,太阳能,5.69,-3.89,30.98,0.93,222.1
300413,芒果超媒,17.42,-2.68,31.1,1.38,177.98
002438,江苏神通,17.3,2.37,31.2,2.31,81.12
600131,国网信通,17.12,-2.84,31.28,3.17,204.74
000522,白云山A,23.27,0.0,31.28,6.55,109.15
002956,西麦食品,21.88,-1.97,31.29,4.28,68.38
600169,ST太重,2.27,-1.3,31.33,1.46,75.66
002475,立讯精密,74.0,4.65,31.35,6.11,5384.2
300001,特锐德,37.15,-1.8,31.37,4.65,384.47
600029,南方航空,5.35,-1.47,31.43,2.62,721.02
301267,华厦眼科,17.31,-1.54,31.43,2.67,112.25
600278,东方创业,6.67,-2.2,31.45,0.77,57.4
601008,连云港,4.53,-1.52,31.46,1.35,56.2
000983,山西焦煤,7.36,0.82,31.47,1.13,417.83
002202,金风科技,23.24,-0.94,31.53,2.47,781.68
002797,第一创业,6.93,-1.56,31.63,1.65,291.23
300761,立华股份,19.94,-3.9,31.7,1.8,125.23
603501,豪威集团,92.65,0.46,31.74,3.56,1121.61
300014,亿纬锂能,65.48,0.75,31.77,3.3,1383.26
688050,爱博医疗,43.61,-0.39,31.84,2.95,84.34
301101,明月镜片,31.96,-3.06,31.9,3.75,61.01
002594,比亚迪,96.76,3.32,32.02,3.8,3373.65
603087,甘李药业,54.99,4.33,32.07,2.93,306.77
605167,利柏特,15.49,1.18,32.18,3.38,69.57
601218,吉鑫科技,5.26,-2.23,32.19,1.7,50.97
000833,粤桂股份,23.24,-2.43,32.21,4.65,105.44
300130,新国都,23.8,-1.08,32.22,2.99,103.33
603868,飞科电器,38.46,-0.05,32.24,4.77,167.53
688410,山外山,16.48,0.24,32.24,2.87,52.67
301330,熵基科技,27.11,-1.78,32.24,1.84,52.68
600685,中船防务,27.86,-0.82,32.28,2.16,228.85
300693,盛弘股份,50.41,-1.04,32.28,7.52,135.53
603328,依顿电子,12.52,1.13,32.29,2.89,125.01
603383,顶点软件,31.97,-1.21,32.29,4.61,65.66
300226,上海钢联,21.7,-2.12,32.33,3.09,66.5
003006,百亚股份,16.64,-3.09,32.34,5.09,71.31
600985,淮北矿业,15.68,-0.82,32.35,1.01,422.3
300680,隆盛科技,34.33,1.06,32.39,3.74,59.78
002626,金达威,15.08,-1.57,32.41,2.09,91.97
300008,天海防务,6.43,-2.87,32.44,4.43,105.92
600763,通策医疗,36.81,-1.97,32.6,3.72,164.65
600085,同仁堂,25.66,-1.46,32.64,2.5,351.92
000927,中国铁物,2.7,-1.46,32.64,1.66,163.36
300487,蓝晓科技,56.86,-3.59,32.68,6.5,175.14
300797,钢研纳克,13.94,-2.04,32.69,3.96,52.76
603589,口子窖,21.46,-2.98,32.78,1.2,128.36
600623,华谊集团,8.73,-2.35,32.79,0.82,163.78
002158,汉钟精机,29.01,0.8,32.82,3.48,154.79
603919,金徽酒,21.06,-2.55,32.86,3.02,106.83
603416,信捷电气,54.99,1.72,32.92,3.14,76.57
600197,伊力特,12.36,-3.21,33.03,1.47,58.48
000959,首钢股份,3.59,-1.64,33.13,0.55,267.51
600603,广汇物流,4.95,-0.4,33.14,0.8,58.21
300406,九强生物,12.0,0.08,33.15,2.11,50.92
600366,宁波韵升,12.39,1.89,33.2,2.14,136.17
000958,电投产融,6.31,1.77,33.26,2.42,339.69
600059,古越龙山,8.23,-1.32,33.3,1.27,75.02
600133,东湖高新,8.66,-0.57,33.31,1.01,92.34
000403,派林生物,12.39,0.0,33.34,1.45,116.55
300196,长海股份,26.58,0.61,33.39,2.33,65.63
603693,江苏新能,16.98,-0.76,33.4,2.11,151.37
605005,合兴股份,16.61,-0.84,33.4,3.13,66.61
301301,川宁生物,8.86,-2.1,33.4,2.53,54.74
600263,路桥建设,16.43,0.0,33.44,3.12,67.06
003033,征和工业,63.08,0.83,33.44,3.71,50.93
603283,赛腾股份,48.21,0.02,33.47,4.98,169.95
688111,金山办公,262.25,2.4,33.49,8.03,1215.19
002164,宁波东力,12.71,-0.31,33.51,4.25,60.98
600299,安迪苏,10.85,-2.16,33.58,1.7,290.99
688366,昊海生科,34.27,-1.52,33.64,1.45,66.5
002075,沙钢股份,3.84,-3.03,33.68,1.27,84.24
600063,皖维高新,7.37,3.08,33.7,1.81,152.49
300488,恒锋工具,32.2,-0.59,33.71,2.81,52.25
000060,中金岭南,7.84,2.08,33.73,1.74,348.18
002416,爱施德,10.26,-2.84,33.8,2.37,125.57
603877,太平鸟,13.43,-3.1,33.83,1.39,63.03
001283,豪鹏科技,55.13,0.64,33.83,2.03,57.0
301607,富特科技,55.26,4.21,33.94,5.05,59.91
603366,日出东方,7.61,-3.3,34.04,1.44,61.87
300145,南方泵业,4.44,-2.2,34.04,2.87,84.84
000725,京东方Ａ,5.47,2.05,34.05,1.49,1987.89
002756,永兴材料,60.69,-1.8,34.11,2.52,234.92
603160,汇顶科技,55.64,-2.45,34.16,2.82,259.22
301291,明阳电气,54.46,-2.82,34.19,3.38,88.97
688503,聚和材料,87.7,-0.2,34.26,4.0,176.21
301029,怡合达,28.06,2.33,34.27,4.26,129.6
300113,顺网科技,21.68,-1.23,34.42,5.8,110.36
300627,华测导航,29.23,4.77,34.43,5.73,189.44
603809,豪能股份,10.36,-0.38,34.46,2.53,95.34
600570,恒生电子,24.38,-1.1,34.49,4.63,461.67
601101,昊华能源,13.32,0.38,34.52,1.56,191.81
601096,宏盛华源,4.96,-2.36,34.54,2.78,81.49
002489,浙江永强,3.96,0.25,34.56,1.87,75.76
002803,吉宏股份,22.3,0.0,34.63,3.63,64.38
300041,回天新材,13.8,-1.5,34.64,2.55,75.08
603511,爱慕股份,13.75,-1.5,34.67,1.24,55.26
600363,联创光电,34.45,-3.64,34.77,3.42,155.33
600288,大恒科技,13.05,-1.44,34.85,2.86,57.0
001308,康冠科技,22.08,0.64,34.85,2.03,107.58
002487,大金重工,71.45,-1.99,34.86,5.27,450.79
603737,三棵树,30.59,-2.83,34.88,9.18,270.84
600784,鲁银投资,7.54,-1.44,34.93,1.53,50.94
603197,保隆科技,31.03,-2.7,35.14,2.06,65.52
603507,振江股份,38.4,-2.39,35.16,2.72,69.8
000537,绿发电力,10.89,-0.09,35.23,1.12,223.87
605228,神通科技,12.57,-1.33,35.33,2.69,59.98
002019,亿帆医药,10.33,-1.62,35.33,1.43,87.03
601268,*ST二重,2.35,0.0,35.35,1.14,169.52
300473,德尔股份,35.89,1.38,35.4,3.23,54.02
603057,紫燕食品,26.17,-0.42,35.44,5.06,107.82
301215,中汽股份,5.85,-0.51,35.44,2.68,77.36
002970,锐明技术,63.2,0.56,35.49,5.7,79.11
002406,远东传动,8.41,-3.56,35.53,1.49,50.65
688475,萤石网络,27.6,-1.32,35.56,3.84,217.35
002125,湘潭电化,15.14,0.6,35.63,2.8,95.31
002422,科伦药业,35.25,-2.65,35.68,2.36,457.76
600649,城投控股,3.89,-2.26,35.69,0.46,97.43
301031,中熔电气,165.9,-2.0,35.79,9.82,128.94
000756,新华制药,13.45,-0.88,35.81,1.75,67.1
600449,宁夏建材,13.94,-3.86,35.84,0.9,66.66
688049,炬芯科技,43.36,-2.23,35.85,3.63,75.95
601136,首创证券,14.47,-1.23,35.89,2.8,395.51
688778,厦钨新能,60.72,-0.67,35.96,3.25,306.45
601375,中原证券,4.04,-0.49,35.97,1.29,139.28
688315,诺禾致源,14.09,-2.69,36.08,2.19,58.64
000630,铜陵有色,7.08,3.81,36.1,2.53,788.92
002276,万马股份,11.76,-1.59,36.19,1.94,118.43
002402,和而泰,26.02,-1.59,36.23,3.58,212.99
600917,重庆燃气,5.24,-0.76,36.31,1.42,81.8
000603,盛达资源,31.77,2.92,36.32,6.13,211.82
600223,福瑞达,6.04,-3.05,36.35,1.44,61.4
300416,苏试试验,18.6,0.22,36.37,3.46,93.92
000501,武商集团,7.64,-2.92,36.44,0.54,58.69
605277,新亚电子,24.55,-4.62,36.52,4.56,78.1
605128,DR上海沿,23.4,1.08,36.53,3.44,73.47
301606,绿联科技,69.78,-2.13,36.56,8.59,115.14
301078,孩子王,9.13,-4.0,36.62,2.71,115.34
002246,北化股份,20.46,-1.45,36.73,3.59,112.33
002570,贝因美,5.11,-0.58,36.74,3.39,55.19
300073,当升科技,54.22,-2.27,36.96,1.99,274.34
002821,凯莱英,113.91,-1.28,37.02,2.29,361.09
600143,金发科技,16.74,-1.53,37.03,2.23,441.07
688213,思特威-W,96.34,-1.79,37.03,7.59,311.67
001289,龙源电力,18.8,-0.95,37.03,2.05,947.88
002709,天赐材料,52.11,0.73,37.06,5.75,786.35
300031,宝通科技,23.33,-4.81,37.15,2.39,82.1
600829,人民同泰,8.75,-1.35,37.18,1.66,50.74
600755,厦门国贸,5.95,-1.49,37.21,0.66,126.86
603156,养元饮品,42.09,0.38,37.21,5.35,530.45
605077,华康股份,17.39,-3.39,37.26,1.72,52.07
000977,浪潮信息,65.0,1.34,37.36,4.29,953.44
603888,新华网,18.28,-2.97,37.38,3.24,123.34
002761,浙江建投,7.9,-1.62,37.39,1.21,85.46
601388,怡球资源,3.55,1.14,37.5,1.69,78.14
002493,荣盛石化,11.55,0.43,37.52,2.54,1078.55
600864,哈投股份,5.57,-1.59,37.56,0.9,115.89
002534,西子洁能,19.92,-0.65,37.58,2.98,164.41
600736,苏州高新,7.06,-1.4,37.65,1.09,81.28
002560,通达股份,8.93,-2.83,37.66,2.43,56.56
600760,中航沈飞,43.27,-1.21,37.72,5.33,1224.35
002399,海普瑞,9.78,-2.2,37.72,1.18,121.98
300286,安科瑞,30.59,-2.11,37.74,3.46,63.56
688188,柏楚电子,153.4,-0.69,37.87,6.92,444.37
300483,首华燃气,19.92,-4.23,37.95,2.08,76.55
000938,紫光股份,28.21,1.33,37.97,5.2,806.83
002063,远光软件,5.98,-1.32,37.98,2.87,105.77
002460,赣锋锂业,68.98,-1.26,38.0,3.11,835.5
000800,一汽解放,6.14,0.66,38.02,1.14,302.14
605058,澳弘电子,39.66,-1.54,38.06,3.12,56.68
300827,上能电气,32.33,-3.55,38.07,4.25,124.55
603619,中曼石油,25.73,-2.13,38.2,2.73,118.96
688665,四方光电,50.65,-0.88,38.39,4.32,51.25
603977,国泰集团,15.4,-0.52,38.41,2.77,95.67
600765,中航重机,14.1,-1.54,38.47,1.53,218.9
603901,永创智能,11.21,-0.62,38.52,2.2,60.57
000922,佳电股份,12.94,-1.67,38.62,2.34,91.22
688161,威高骨科,25.31,-4.06,38.78,2.41,101.24
002166,莱茵生物,8.1,-2.06,38.79,1.93,59.83
000063,中兴通讯,36.3,3.42,38.8,2.26,1462.03
601116,三江购物,12.53,-3.76,38.82,2.05,68.62
002192,融捷股份,80.34,-1.45,38.86,5.38,208.18
000949,新乡化纤,6.72,0.0,38.88,1.64,111.31
002057,中钢天源,9.26,0.43,38.91,2.14,69.76
301275,汉朔科技,44.66,-1.46,39.08,4.58,134.36
000099,中信海直,15.67,-0.06,39.14,2.21,121.56
300066,三川智慧,5.3,-1.49,39.16,2.1,52.9
002049,紫光国微,76.19,-0.42,39.18,4.65,647.25
002179,中航光电,35.63,-0.59,39.29,3.21,746.98
600392,盛和资源,22.42,3.37,39.38,3.05,392.98
603067,振华股份,34.58,-1.54,39.39,6.78,261.26
300697,电工合金,16.9,2.55,39.47,5.58,55.98
600436,片仔癀,124.5,-3.42,39.48,4.94,751.13
002443,金洲管道,11.49,-1.71,39.5,1.71,59.64
688002,睿创微纳,123.71,2.21,39.53,8.1,576.16
002987,京北方,11.62,-1.78,39.55,4.29,117.61
600276,恒瑞医药,48.4,-1.57,39.57,5.15,3087.44
601689,拓普集团,62.96,2.91,39.57,4.61,1094.14
300224,正海磁材,12.15,-0.25,39.69,2.26,112.66
603039,泛微网络,42.08,4.42,39.87,4.92,129.45
688696,极米科技,74.87,-1.85,39.99,1.8,52.42
300100,双林股份,30.0,-0.53,40.07,5.26,165.35
300999,金龙鱼,27.0,-1.6,40.07,1.51,146.51
603050,科林电气,22.64,-3.08,40.11,4.97,91.31
000417,合百集团,7.68,-2.17,40.13,1.26,59.83
300037,新宙邦,71.75,1.11,40.13,5.09,388.04
300525,博思软件,9.26,3.12,40.18,2.81,57.72
300373,扬杰科技,101.5,2.27,40.24,5.72,550.27
002947,恒铭达,90.35,2.85,40.25,7.44,179.17
601858,中国科传,24.8,-1.7,40.28,3.44,196.04
300498,温氏股份,13.22,-3.01,40.29,2.22,786.5
002062,宏润建设,8.54,-4.79,40.36,2.18,96.05
600456,宝钛股份,32.03,0.31,40.41,2.11,153.03
600776,东方通信,14.73,0.96,40.45,4.84,140.82
000795,英洛华,8.95,1.13,40.51,3.73,101.46
002810,山东赫达,23.13,-2.16,40.56,3.63,74.9
002150,正泰电源,31.3,-3.07,40.62,5.31,112.22
603686,福龙马,15.36,-2.6,40.65,1.82,63.81
600497,驰宏锌锗,9.71,3.08,40.69,2.91,489.42
002827,高争民爆,27.89,-1.97,40.7,7.16,76.98
300917,特发服务,29.96,-2.09,40.73,4.3,50.63
600176,中国巨石,38.9,1.51,40.74,4.94,1557.22
002410,广联达,10.1,-0.1,40.75,2.93,158.58
300725,药石科技,34.31,-2.45,40.76,1.46,69.55
600779,水井坊,32.39,-3.94,40.84,2.99,157.9
688667,菱电电控,116.05,0.3,40.88,3.36,61.15
601969,海南矿业,9.69,-0.72,40.95,2.83,191.13
601566,九牧王,12.28,-3.61,41.0,1.73,70.57
300580,贝斯特,23.01,0.0,41.04,3.44,108.74
600390,五矿资本,4.82,-0.62,41.07,0.51,216.81
603638,艾迪精密,21.92,0.78,41.12,5.0,182.17
600930,华电新能,6.35,-0.94,41.37,2.4,205.09
603040,新坐标,80.73,0.79,41.39,7.08,109.59
601678,滨化股份,5.56,-0.54,41.48,0.99,113.61
601121,宝地矿业,6.64,0.3,41.56,1.49,53.12
688252,天德钰,21.24,-2.48,41.57,3.53,86.88
002106,莱宝高科,12.09,1.6,41.63,1.52,85.22
601155,新城控股,12.71,-3.79,41.71,0.46,286.69
300341,麦克奥迪,14.48,-1.43,41.83,3.79,74.63
600884,杉杉股份,14.08,-1.05,41.9,1.41,258.38
002312,川发龙蟒,8.94,-2.3,42.04,1.74,168.41
603730,岱美股份,12.48,-1.65,42.08,5.39,268.14
000777,中核科技,17.31,-1.98,42.17,2.7,66.37
603915,国茂股份,15.64,-0.13,42.29,2.69,102.7
002458,益生股份,8.34,-0.6,42.35,2.69,80.6
688059,华锐精密,140.98,1.88,42.38,6.49,131.93
688186,广大特材,20.7,-0.48,42.41,1.23,58.06
300699,光威复材,29.13,-1.69,42.49,4.17,239.28
002396,星网锐捷,22.68,4.13,42.7,2.51,171.78
300303,聚飞光电,8.62,1.29,42.79,3.32,114.53
000823,超声电子,16.22,1.95,42.86,1.95,91.57
605286,同力天启,34.58,-3.14,42.97,2.7,58.09
300171,东富龙,11.67,-1.44,43.02,1.13,65.66
603681,永冠新材,24.93,2.0,43.04,1.98,59.27
601618,中国中冶,2.8,-1.06,43.07,0.56,499.87
603876,鼎胜新材,28.8,2.64,43.07,3.5,267.63
002006,精工科技,15.9,-4.22,43.07,3.31,82.65
300681,英搏尔,32.64,2.58,43.09,3.23,75.33
603858,步长制药,15.31,0.99,43.18,1.58,161.45
603305,旭升集团,14.76,-1.27,43.22,1.82,170.58
002273,水晶光电,37.27,2.03,43.25,5.08,507.65
000090,天健集团,3.7,-4.39,43.27,0.61,69.13
688772,珠海冠宇,15.7,-2.67,43.29,2.59,177.75
301186,超达装备,65.28,0.18,43.32,3.31,50.3
002203,海亮股份,19.59,-2.34,43.41,2.63,433.36
300618,寒锐钴业,38.74,0.62,43.41,2.16,105.57
300652,雷迪克,43.36,2.31,43.47,3.74,51.91
003019,宸展光电,42.31,4.7,43.48,4.58,72.37
300788,中信出版,26.94,-4.03,43.62,2.28,51.23
300124,汇川技术,76.47,2.64,43.68,5.69,1843.17
301155,海力风电,59.6,-2.5,43.71,2.24,73.46
300347,泰格医药,39.19,-0.63,43.74,1.61,222.0
000541,佛山照明,5.03,-0.4,43.83,1.12,61.89
300986,志特新材,18.93,-4.1,43.94,3.5,77.92
300174,元力股份,26.92,-1.72,43.97,2.81,97.71
600916,中国黄金,7.99,-0.25,44.07,1.84,134.23
688563,航材股份,51.05,-1.03,44.13,2.2,59.72
688196,卓越新能,42.99,-1.33,44.32,1.7,54.68
002126,银轮股份,50.19,0.58,44.32,5.76,398.62
605580,XD恒盛能,25.71,-4.64,44.38,7.28,71.99
600577,精达股份,12.62,0.32,44.47,4.45,271.47
603983,丸美生物,23.65,-2.79,44.48,2.76,94.84
688139,海尔生物,30.94,-2.12,44.52,2.2,97.92
002324,普利特,12.25,-0.73,44.53,2.91,95.09
600562,国睿科技,22.63,-3.62,44.58,4.18,281.03
600315,上海家化,18.1,-3.36,44.64,1.72,121.67
688779,五矿新能,8.64,-3.14,44.67,2.35,166.68
600839,四川长虹,7.19,-1.51,44.74,2.16,331.82
002643,万润股份,14.29,-1.92,44.76,1.86,128.93
688543,国科军工,42.46,-2.3,44.78,4.71,59.08
000821,ST京机,9.06,1.23,44.78,1.35,54.78
002081,金 螳 螂,6.85,1.03,44.83,1.31,181.13
601699,潞安环能,17.8,1.14,45.24,1.15,532.47
603060,国检集团,6.95,-1.14,45.28,2.77,55.88
605123,派克新材,97.77,-1.4,45.32,2.56,118.47
603179,新泉股份,51.22,1.41,45.42,4.94,365.81
001213,中铁特货,3.83,-1.03,45.44,0.88,170.22
002516,旷达科技,6.03,-1.15,45.5,2.39,87.88
688639,华恒生物,22.51,-4.5,45.62,2.13,56.3
603916,苏博特,13.58,-1.09,45.64,1.36,57.08
600452,涪陵电力,12.85,-3.75,45.73,3.44,197.45
300677,英科医疗,46.68,3.53,45.75,1.67,217.35
000025,特  力Ａ,15.07,-3.4,45.77,3.49,59.19
002759,天际股份,27.57,-2.72,45.88,3.97,138.11
002601,龙佰集团,14.35,-1.37,45.9,1.5,285.22
002245,蔚蓝锂芯,20.57,1.43,45.94,4.55,330.48
600663,陆家嘴,7.27,-3.45,46.08,1.45,229.42
601989,中国重工,5.1,0.0,46.1,1.36,1162.9
002390,信邦制药,3.03,-1.62,46.12,0.88,58.41
603861,白云电器,17.21,-2.49,46.15,2.32,90.97
002985,北摩高科,29.71,-2.59,46.19,3.63,98.32
002824,和胜股份,24.9,-2.62,46.27,3.32,56.32
002434,万里扬,7.21,1.69,46.34,1.6,94.55
603341,龙旗科技,39.67,4.64,46.44,2.87,105.61
002498,汉缆股份,7.97,-3.04,46.45,3.01,265.15
002050,三花智控,45.17,1.35,46.51,5.83,1664.15
002048,宁波华翔,24.92,-2.5,46.61,1.72,176.88
600038,中直股份,27.74,0.11,46.63,1.29,185.56
688046,药康生物,18.25,-2.98,46.84,3.28,74.83
300127,银河磁体,27.88,-1.24,46.9,5.74,64.35
603859,能科科技,43.29,-1.39,46.94,3.35,105.93
688209,英集芯,22.02,-4.84,46.95,4.27,95.52
688726,拉普拉斯,56.89,-1.39,46.95,5.48,125.12
002466,天齐锂业,61.29,-1.42,46.99,2.27,904.47
600372,中航机载,11.21,-1.23,47.31,1.43,542.44
603125,常青科技,23.86,-1.53,47.34,3.84,96.59
002518,科士达,51.95,0.0,47.37,6.42,293.59
300708,聚灿光电,8.74,-2.89,47.39,2.86,62.06
600256,广汇能源,6.6,-2.22,47.48,1.73,421.87
300093,*ST金刚,23.36,-1.02,47.48,6.48,53.96
605060,联德股份,48.15,-2.77,47.5,4.58,115.05
601226,华电科工,7.66,-3.04,47.64,2.05,89.03
300790,宇瞳光学,23.15,1.8,47.64,4.52,106.35
002755,奥赛康,13.68,-4.54,47.67,3.85,126.97
605011,杭州热电,22.68,-1.65,47.72,3.73,90.74
301246,宏源药业,30.4,-4.13,47.78,2.64,51.7
300109,新开源,17.26,-1.26,47.83,2.25,77.2
002611,东方精工,17.3,2.79,47.85,3.72,173.33
603989,艾华集团,31.74,-1.52,47.87,3.2,126.57
000035,中国天楹,5.81,-1.53,47.93,1.29,134.39
600777,*ST新潮,5.36,0.19,47.99,1.64,341.23
300634,彩讯股份,25.82,-2.01,48.05,3.82,112.13
600845,宝信软件,20.84,1.86,48.18,5.56,444.74
300809,华辰装备,36.45,0.97,48.29,5.05,54.88
600373,中文传媒,7.64,-2.55,48.31,0.58,102.94
300307,慈星股份,6.76,-0.59,48.32,1.65,53.19
600812,华北制药,4.54,-1.94,48.37,1.4,77.89
300727,润禾材料,33.15,-1.84,48.47,4.5,53.74
000155,川能动力,14.02,-3.97,48.61,2.41,258.83
002624,完美世界,13.32,-4.52,48.63,3.58,243.45
002664,信质集团,18.57,0.87,48.65,2.14,74.76
000937,冀中能源,5.59,-1.06,48.76,1.02,191.93
688190,云路股份,112.77,-1.09,48.78,5.03,135.32
688379,华光新材,66.65,-0.04,48.81,4.51,60.04
000021,深科技,37.18,2.06,48.82,4.38,585.23
300192,科德教育,16.36,-3.37,48.86,5.39,53.11
300775,三角防务,24.16,-2.74,48.86,2.25,128.44
300633,开立医疗,20.43,-0.68,48.87,2.83,53.14
000034,神州数码,26.05,-2.03,48.9,2.37,221.2
601231,环旭电子,39.65,-1.71,48.94,4.1,947.28
603505,金石资源,18.63,-1.32,48.98,8.27,156.8
301363,美好医疗,24.8,-0.48,49.0,3.73,92.55
600186,莲花控股,9.64,-2.03,49.15,9.15,171.62
605086,龙高股份,31.49,-2.24,49.22,3.46,56.43
301571,国科天成,59.23,-0.87,49.24,5.15,70.58
300953,震裕科技,146.75,0.97,49.3,7.6,255.38
603303,得邦照明,25.58,-2.22,49.44,3.79,122.0
002239,奥特佳,2.67,-0.74,49.48,1.5,71.62
002334,英威腾,8.63,0.47,49.58,2.36,63.43
002171,楚江新材,11.97,1.87,49.61,2.18,193.16
000880,潍柴重机,28.21,-3.98,49.62,6.06,64.04
002993,奥海科技,62.0,3.3,49.71,3.65,147.84
688065,凯赛生物,40.67,0.67,49.76,1.64,237.26
600155,华创云信,5.69,-1.22,49.84,0.63,125.95
002065,东华软件,7.53,-1.44,49.87,1.95,218.97
603127,昭衍新药,32.97,-1.76,49.9,2.89,207.83
688099,晶晨股份,101.7,0.59,49.92,5.75,428.33
000578,盐湖集团,24.44,0.0,50.0,8.36,62.09
603992,松霖科技,28.83,-2.27,50.02,3.6,127.73
000559,万向钱潮,14.93,-0.93,50.04,6.1,494.83
600966,博汇纸业,5.9,-1.01,50.08,1.05,78.87
300398,飞凯材料,35.53,1.11,50.13,3.99,200.34
002386,天原股份,5.9,-0.17,50.2,1.0,76.78
300450,先导智能,48.19,-2.03,50.3,4.52,751.48
688018,乐鑫科技,162.72,-1.25,50.47,6.01,272.43
002600,领益智造,14.67,-2.0,50.71,4.42,1056.2
301047,义翘神州,65.7,3.14,50.82,1.54,78.56
300918,南山智尚,12.22,-1.61,50.88,1.6,61.85
000810,创维数字,11.39,-2.48,50.89,1.99,126.5
002053,云南能投,12.23,2.34,50.89,1.5,112.6
300684,中石科技,58.04,0.07,50.89,8.65,118.58
002145,钛能化学,4.37,-1.35,50.93,1.37,166.34
002051,中工国际,10.85,-1.99,50.95,1.15,133.07
688138,清溢光电,31.12,2.07,51.22,3.46,97.97
002782,可立克,26.37,-2.3,51.27,6.11,128.29
688271,联影医疗,118.22,0.74,51.33,4.44,974.32
603499,翔港科技,17.94,-2.71,51.36,5.86,54.29
002675,东诚药业,12.73,-0.39,51.37,2.49,94.63
603063,禾望电气,53.41,0.77,51.48,4.76,245.44
688486,龙迅股份,69.9,0.58,51.51,5.8,93.47
300390,天华新能,81.3,-4.2,51.58,5.47,546.55
002409,雅克科技,109.63,4.42,51.83,6.56,349.2
600305,恒顺醋业,7.21,-1.23,51.88,2.32,79.53
300017,网宿科技,15.18,0.53,52.01,3.52,355.43
600724,宁波富达,6.68,-2.91,52.06,3.42,96.52
002738,中矿资源,60.0,-1.36,52.12,3.49,426.74
000676,智度股份,5.93,-2.31,52.14,1.74,74.66
603130,云中马,41.2,-0.75,52.17,4.04,56.66
301000,肇民科技,30.01,-1.02,52.33,5.54,68.91
000811,冰轮环境,31.01,-0.51,52.35,4.71,303.4
002940,昂利康,33.18,-3.46,52.62,4.07,61.47
300768,迪普科技,16.08,-2.9,52.65,2.92,67.64
688518,联赢激光,25.68,-1.53,52.71,2.65,87.65
605118,力鼎光电,35.17,-2.36,52.86,8.94,143.8
300207,欣旺达,22.47,-1.49,52.89,1.68,385.1
600195,中牧股份,6.84,0.15,53.12,1.23,69.85
000681,视觉中国,23.19,2.38,53.43,4.24,156.8
600339,中油工程,3.57,-1.11,53.49,0.74,199.32
600905,三峡能源,4.32,-1.37,53.52,1.38,1234.99
300990,同飞股份,78.5,0.9,53.6,6.37,61.04
002108,沧州明珠,4.89,-2.98,53.92,1.6,80.56
601100,恒立液压,111.36,0.05,53.93,8.35,1493.14
600095,湘财股份,8.29,-2.47,53.99,1.93,237.03
002353,杰瑞股份,148.09,0.74,54.09,6.45,1023.36
300217,东方电热,5.11,-0.97,54.13,1.78,63.44
688615,合合信息,136.76,0.1,54.34,9.37,185.09
002294,信立泰,32.99,0.58,54.37,4.31,367.7
605133,嵘泰股份,36.04,0.81,54.42,2.67,101.68
002559,亚威股份,10.09,4.99,54.44,3.2,50.85
603150,万朗磁塑,64.15,0.38,54.51,3.15,54.84
605365,立达信,17.35,0.17,54.56,2.29,87.1
688698,伟创电气,64.91,0.19,54.6,5.8,138.92
688428,诺诚健华,22.65,-2.54,54.73,5.44,60.78
600508,上海能源,14.38,-3.49,54.75,0.81,103.93
688239,航宇科技,57.39,-2.23,54.83,5.29,109.4
600580,卧龙电驱,39.9,-0.72,54.96,5.73,621.5
603269,海鸥股份,21.21,0.05,54.97,6.34,65.49
688758,赛分科技,18.28,-0.11,55.04,5.49,54.51
601086,国芳集团,8.0,-4.31,55.1,3.27,53.28
603650,彤程新材,52.32,2.81,55.13,8.03,321.49
603950,长源东谷,67.06,-3.59,55.15,7.02,217.01
301153,中科江南,18.87,-2.88,55.22,3.66,62.6
600482,中国动力,36.41,-0.33,55.3,2.02,825.87
688636,智明达,35.53,-1.31,55.31,4.42,59.56
688628,优利德,83.78,3.34,55.51,6.99,93.64
000768,中航西飞,22.14,0.45,55.53,2.73,614.7
301323,新莱福,78.19,0.46,55.57,3.67,52.83
000973,佛塑科技,14.58,-0.95,55.6,3.92,141.05
301179,泽宇智能,22.45,-4.22,55.76,3.58,53.31
603662,柯力传感,60.8,3.65,55.8,6.12,170.74
688608,恒玄科技,162.92,0.7,55.8,3.84,274.84
300569,天能重工,5.33,-2.38,55.87,1.04,54.35
002080,中材科技,65.43,2.17,55.93,5.57,1098.0
688798,艾为电子,73.15,-2.36,56.1,4.11,99.3
603927,中科软,15.18,-2.13,56.23,3.97,126.15
688301,奕瑞科技,182.49,-1.83,56.28,6.2,385.87
600635,大众公用,5.2,-2.99,56.47,1.73,125.78
688198,佰仁医疗,83.14,-1.48,56.57,9.1,114.52
688360,德马科技,21.58,-0.37,56.59,3.82,54.44
301207,华兰疫苗,17.7,-2.8,56.73,1.85,106.31
603019,中科曙光,86.02,0.73,56.75,5.72,1258.22
600637,东方明珠,9.44,-2.98,56.85,1.06,317.36
600850,电科数字,25.41,-0.7,56.93,3.52,172.84
002017,东信和平,16.26,-2.17,56.99,5.05,94.32
002414,高德红外,12.95,-0.08,57.1,7.47,440.12
688006,杭可科技,36.07,-1.61,57.2,4.01,217.74
300219,鸿利智汇,8.2,2.12,57.23,2.23,57.94
688380,中微半导,43.06,0.12,57.27,5.55,172.4
600509,天富能源,9.38,-4.29,57.38,1.66,128.92
301238,瑞泰新材,25.31,1.61,57.57,2.56,185.61
600832,东方明珠,23.18,0.0,57.69,7.39,738.59
002716,湖南白银,9.59,2.13,57.88,6.67,222.95
601399,国机重装,3.85,-2.53,57.92,1.87,277.72
300590,移为通信,14.65,-1.21,58.03,3.66,52.42
600592,龙溪股份,20.13,1.41,58.07,3.11,80.43
002757,南兴股份,23.69,-0.38,58.21,3.5,66.82
600032,浙江新能,10.92,2.34,58.3,2.04,262.59
300623,捷捷微电,32.59,-2.54,58.3,4.42,250.08
300748,金力永磁,31.32,1.79,58.39,5.85,353.93
688122,西部超导,64.21,-4.62,58.5,5.81,417.15
300263,隆华科技,11.85,1.46,58.53,2.97,115.6
601111,中国国航,6.67,-1.62,58.55,2.65,776.26
600422,昆药集团,9.11,-3.8,58.6,1.32,68.96
002597,金禾实业,20.78,-1.66,58.74,1.52,117.87
605198,安德利,55.98,-3.28,59.02,6.56,151.45
002139,拓邦股份,10.36,-1.05,59.02,1.87,110.96
002297,博云新材,19.95,1.48,59.19,5.06,114.33
300507,苏奥传感,7.71,-1.41,59.19,2.85,59.75
603085,天成自控,13.29,-0.67,59.24,5.45,52.77
301196,唯科科技,118.99,0.41,59.43,4.46,97.53
300292,吴通控股,5.48,2.24,59.5,5.0,61.15
300856,科思股份,12.66,-4.95,59.74,2.21,58.2
605222,起帆电缆,28.39,-3.7,59.76,2.49,117.22
300363,博腾股份,14.13,-3.35,59.76,1.45,70.49
600770,综艺股份,6.01,-2.28,59.77,2.3,78.13
688289,圣湘生物,16.22,-1.99,59.88,1.31,93.98
688088,虹软科技,39.41,-2.18,60.15,5.7,158.1
603163,圣晖集成,98.97,-2.63,60.24,8.28,98.97
000969,安泰科技,21.96,-2.44,60.46,3.92,228.68
002358,森源电气,6.41,-2.29,60.5,1.78,59.6
002838,道恩股份,33.35,-0.15,60.5,4.25,140.28
688377,迪威尔,29.98,3.09,60.65,3.74,70.02
002988,豪美新材,28.46,-1.96,60.88,2.64,71.09
301069,凯盛新材,18.7,-3.26,60.96,3.71,79.81
000967,盈峰环境,10.83,4.13,61.02,2.07,355.83
601068,中铝国际,5.47,-0.91,61.09,5.31,140.01
002380,科远智慧,39.3,-1.08,61.15,3.95,55.89
002243,力合科创,9.0,1.12,61.88,1.51,108.37
300129,泰胜风能,10.25,-3.3,62.08,1.97,73.67
300938,信测标准,52.17,-0.72,62.26,6.62,110.25
603026,石大胜华,87.51,-2.28,62.46,3.92,203.64
603489,八方股份,33.56,-2.98,62.63,2.84,78.74
688281,DR华秦科,53.2,-1.99,62.73,4.29,203.01
002169,智光电气,15.69,-4.04,62.86,4.39,119.04
600521,华海药业,15.71,-2.24,63.03,2.45,235.22
300613,富瀚微,58.38,-1.29,63.1,4.69,128.2
300433,蓝思科技,41.23,-1.43,63.28,3.99,2049.01
300852,四会富仕,51.07,0.0,63.6,3.68,79.14
300496,中科创达,63.67,-3.18,63.64,2.85,234.04
300777,中简科技,31.99,-0.68,63.82,3.07,135.12
600111,北方稀土,48.57,1.48,64.12,6.86,1755.84
601179,中国西电,16.54,-2.71,64.16,3.63,847.82
300378,鼎捷数智,38.77,-4.01,64.28,4.53,104.49
603012,创力集团,9.13,-2.77,64.4,1.54,59.03
601016,节能风电,4.93,0.61,64.8,1.81,297.68
605018,长华集团,14.37,3.75,65.03,2.39,67.55
601608,中信重工,5.41,-2.52,65.26,2.63,247.75
301177,迪阿股份,25.44,-2.19,65.29,1.62,101.76
601299,中国北车,29.98,0.0,65.36,7.38,3035.8
603228,景旺电子,75.58,4.97,65.36,5.83,737.51
000301,东方盛虹,12.16,-0.33,65.63,2.31,803.55
603297,永新光学,124.5,-1.05,65.66,6.56,137.86
002580,圣阳股份,26.96,0.94,65.73,5.07,121.95
603610,麒盛科技,17.56,-0.62,65.82,2.02,61.99
603186,华正新材,121.57,1.04,65.9,8.21,190.61
688181,八亿时空,40.13,-0.91,66.0,2.58,53.97
603806,福斯特,17.23,-1.2,66.07,2.85,449.49
002304,洋河股份,44.69,-1.97,66.29,1.37,673.21
300855,图南股份,35.09,-2.99,66.36,6.6,102.8
002317,众生药业,22.93,-0.95,66.52,4.88,174.64
002376,新北洋,6.55,-2.24,66.54,1.45,51.56
688676,金盘科技,96.25,-4.41,66.58,9.11,442.54
600895,张江高科,33.33,-1.33,66.59,3.78,516.18
688131,皓元医药,77.05,-1.85,66.63,5.25,163.43
002979,雷赛智能,51.32,-0.91,66.88,8.66,113.81
002156,通富微电,63.84,3.99,66.98,6.24,968.74
600094,大名城,4.16,-3.48,67.04,0.94,88.45
300735,光弘科技,22.53,2.18,67.42,3.31,170.65
688230,芯导科技,64.44,-3.26,67.64,3.37,75.78
605111,新洁能,62.01,-0.06,67.79,5.93,257.55
605196,华通线缆,41.14,-3.34,68.13,6.21,207.74
603005,晶方科技,38.63,2.39,68.15,5.5,251.93
300602,飞荣达,45.0,0.85,68.16,6.36,177.93
603155,新亚强,18.4,1.1,68.36,2.63,58.1
300740,水羊股份,24.66,-1.04,68.51,4.36,89.1
688123,聚辰股份,127.2,-0.37,68.53,7.84,202.12
300756,金马游乐,33.72,4.3,68.58,5.08,64.74
688363,华熙生物,36.3,-2.16,68.62,2.45,174.85
300142,沃森生物,12.27,-2.31,68.67,2.65,193.49
000905,厦门港务,9.16,-1.93,68.85,1.55,67.95
688116,天奈科技,42.48,-2.9,68.88,4.13,155.7
300820,英杰电气,65.0,0.9,69.21,5.6,72.66
300905,宝丽迪,61.75,-1.64,69.26,5.58,86.23
688179,阿拉丁,20.47,0.89,69.27,7.21,74.1
600871,石化油服,2.36,-0.84,69.34,4.65,319.71
002242,九阳股份,9.0,-1.64,69.36,2.04,68.55
002526,山东矿机,3.12,-0.32,69.9,1.71,55.26
002708,光洋股份,13.39,-1.54,69.95,4.25,69.18
600478,科力远,6.0,-1.8,70.29,3.41,99.93
002044,美年健康,5.5,-3.51,70.44,2.73,213.08
300660,江苏雷利,42.87,0.42,70.72,5.35,191.57
688582,芯动联科,46.15,-1.39,70.87,7.66,115.48
002119,康强电子,21.93,2.24,70.94,5.91,82.3
600138,中青旅,7.9,-0.88,71.2,0.91,57.18
688372,伟测科技,148.37,-0.41,71.64,5.96,249.39
603823,百合花,28.27,0.71,71.74,4.7,117.71
002419,天虹股份,4.94,-1.2,71.94,1.42,57.73
002787,华源控股,25.14,1.49,72.05,4.56,63.07
300296,利亚德,6.58,-0.15,72.05,2.29,149.66
600129,太极集团,14.59,0.48,72.06,2.25,80.45
300792,壹网壹创,34.54,-3.14,72.45,2.79,73.41
601133,柏诚股份,26.4,4.1,72.58,4.6,138.44
600490,鹏欣资源,7.49,1.08,72.69,2.6,149.25
603229,奥翔药业,9.48,-2.17,72.86,3.33,78.71
688345,博力威,51.32,3.09,72.91,4.49,51.57
603098,森特股份,12.23,-4.6,72.93,2.31,65.9
600477,杭萧钢构,2.75,-1.79,72.99,1.3,64.87
688439,振华风光,49.84,0.71,73.01,1.99,99.68
601222,林洋能源,6.47,-1.97,73.02,0.88,132.07
688510,航亚科技,25.69,-1.87,73.03,5.67,66.67
002067,景兴纸业,4.97,2.05,73.23,1.1,66.48
301055,张小泉,33.44,1.36,73.23,7.45,52.17
300049,福瑞医科,43.49,-4.02,73.28,5.81,101.61
688480,赛恩斯,92.73,1.09,73.33,7.33,88.4
688308,欧科亿,138.58,2.57,73.39,7.77,220.04
600967,内蒙一机,12.39,-2.82,73.51,1.76,210.85
300298,三诺生物,15.51,-1.34,73.51,2.92,69.94
300763,锦浪科技,112.6,-4.17,73.52,5.0,362.12
688112,鼎阳科技,64.8,0.23,73.74,6.3,103.42
600416,湘电股份,11.21,-3.03,74.14,1.7,165.44
600191,华资实业,10.51,-3.04,74.17,2.97,50.97
001896,豫能控股,18.25,3.4,74.19,7.81,278.46
301382,蜂助手,40.28,-4.41,74.36,6.02,95.2
002185,华天科技,18.33,-0.54,74.67,3.4,609.04
002922,伊戈尔,40.2,-3.18,74.86,4.49,151.55
603090,宏盛股份,57.15,-3.56,75.05,9.19,57.15
300816,艾可蓝,90.55,-1.03,75.18,7.58,51.31
002407,多氟多,33.1,-3.83,75.26,4.61,357.07
301256,华融化学,11.55,-1.7,75.47,3.18,55.44
000801,四川九洲,12.8,-0.93,75.58,4.18,130.04
688309,恒誉环保,64.49,-4.43,75.66,6.3,51.21
605555,德昌股份,14.78,-1.79,75.87,2.39,71.55
688400,凌云光,54.8,-1.49,75.87,4.6,252.62
002041,登海种业,8.69,-2.03,75.87,2.07,76.47
002301,齐心集团,7.87,0.64,76.19,1.82,56.51
600740,山西焦化,4.03,0.0,76.38,0.68,103.25
688419,耐科装备,47.99,-0.68,76.51,5.22,54.97
603920,世运电路,57.58,2.86,76.73,6.37,414.92
603698,航天工程,32.03,-0.93,76.78,4.93,171.68
000751,锌业股份,5.39,3.45,76.8,2.37,75.99
603327,福蓉科技,10.73,-0.92,76.83,4.48,112.18
688591,泰凌微,31.76,-3.2,76.83,3.11,53.76
002636,金安国纪,50.63,1.52,76.91,9.9,366.72
688508,芯朋微,92.8,-2.07,77.31,4.38,122.89
600230,沧州大化,15.09,-1.63,77.54,1.54,62.47
688605,先锋精科,65.9,-1.52,77.68,8.08,71.4
688386,泛亚微透,80.29,0.36,77.91,5.27,73.06
002945,华林证券,14.37,-1.1,78.07,5.28,387.99
002695,煌上煌,11.56,0.87,78.09,2.35,59.12
002300,太阳电缆,8.5,-2.19,78.41,3.23,61.4
000738,航发控制,18.75,-2.19,78.48,1.96,246.6
002201,九鼎新材,10.86,0.0,78.82,5.97,65.38
002777,久远银海,14.24,-1.93,78.88,3.42,57.6
600292,电投水电,14.06,0.29,79.1,3.58,61.76
000753,漳州发展,5.39,-2.0,79.16,1.94,53.44
000534,万泽股份,31.39,-2.91,79.26,9.31,157.24
603360,百傲化学,19.36,-4.91,79.27,9.7,136.72
000036,华联控股,5.11,-1.54,79.31,1.39,71.69
300722,新余国科,23.48,-2.29,79.31,9.63,64.98
300257,开山股份,28.4,-1.08,79.38,4.25,271.13
600100,同方股份,7.87,-1.75,79.54,1.66,263.67
001298,好上好,21.64,1.64,79.57,5.63,88.17
003035,南网能源,7.19,-3.88,79.93,3.87,272.35
300540,蜀道装备,25.45,-1.13,80.0,5.16,52.61
300236,上海新阳,90.92,1.24,80.67,6.11,253.26
605168,三人行,48.8,-3.0,80.71,3.98,102.88
300432,富临精工,23.95,1.91,80.83,8.35,404.92
600959,江苏有线,3.52,-1.68,80.96,0.77,176.03
000524,岭南控股,9.27,-2.52,81.38,2.69,62.11
600584,长电科技,75.35,-0.4,81.61,4.69,1348.32
603099,长白山,39.9,1.79,81.68,7.22,108.67
000045,深纺织Ａ,11.25,-1.14,81.68,1.9,51.41
300258,精锻科技,12.75,0.47,81.7,1.59,72.66
300007,汉威科技,41.7,0.26,81.95,4.62,117.99
600553,太行水泥,14.98,0.0,81.99,6.02,56.53
300400,劲拓股份,28.7,-0.52,82.1,9.85,69.4
300115,长盈精密,33.11,0.88,82.25,5.31,449.41
002279,久其软件,7.17,-2.05,82.44,4.43,57.04
600206,有研新材,27.87,2.2,82.59,5.43,235.93
002913,奥士康,55.45,0.0,82.59,3.97,167.28
688376,美埃科技,67.71,-0.34,82.6,4.68,91.58
600645,中源协和,19.53,-2.98,83.05,2.46,91.36
600106,重庆路桥,5.34,-0.37,83.35,1.33,70.97
603032,德新科技,24.58,-1.48,83.4,4.9,56.98
688378,奥来德,40.55,-0.81,83.51,5.15,97.71
002627,三峡旅游,7.09,-3.14,83.58,1.66,50.84
300913,兆龙互连,60.59,1.41,83.98,7.84,154.98
300133,华策影视,8.02,-4.07,84.0,2.06,134.45
600596,新安股份,13.09,-1.28,84.12,1.41,176.66
603985,恒润股份,22.7,-1.18,84.29,3.02,100.07
002815,崇达技术,16.49,-0.54,84.39,2.33,128.15
603216,梦天家居,24.29,-2.21,84.6,2.99,54.09
000533,顺钠股份,12.18,-4.02,84.68,8.54,83.42
000026,飞亚达,22.39,-1.8,84.84,2.67,81.63
603301,振德医疗,84.93,2.35,84.88,3.94,224.11
002703,浙江世宝,18.0,-4.51,85.27,7.0,105.49
603290,斯达半导,116.91,-0.17,85.32,4.02,279.97
300244,迪安诊断,17.67,-2.86,85.32,1.69,88.61
300170,汉得信息,19.23,-4.8,85.43,3.46,187.84
600468,百利电气,6.49,-2.55,85.45,3.46,70.59
001280,中国铀业,71.18,0.45,85.62,8.65,112.53
002721,金一文化,2.69,-2.18,85.62,3.32,71.54
603213,镇洋发展,14.59,1.11,85.73,3.57,64.48
001203,大中矿业,37.46,-0.53,85.86,7.82,489.22
300638,广和通,22.83,-1.93,85.93,3.29,121.1
300283,温州宏丰,16.75,3.78,86.26,7.11,61.51
002015,协鑫能科,23.3,2.96,86.27,3.13,378.23
600171,上海贝岭,26.89,-1.1,86.55,4.19,190.63
688082,盛美上海,225.05,4.6,86.62,7.89,1074.42
002870,香山股份,40.65,1.09,86.84,3.31,52.74
688253,英诺特,57.41,-0.17,87.56,3.75,78.64
688353,华盛锂电,84.22,-2.3,87.59,3.81,134.33
688312,燕麦科技,81.64,1.96,87.82,7.74,119.78
688686,奥普特,138.66,-0.17,88.19,5.53,169.49
002530,金财互联,7.64,-2.55,88.42,4.48,53.11
600882,妙可蓝多,19.39,-3.05,88.58,2.13,98.9
688222,成都先导,27.23,-0.66,88.9,7.09,109.11
002265,建设工业,20.04,-1.96,88.94,5.31,207.02
000935,四川双马,28.07,-2.8,89.1,2.74,214.3
600226,亨通股份,6.08,0.0,89.24,4.88,180.84
300440,运达科技,16.91,-3.09,89.29,4.5,74.04
003022,联泓新科,25.35,-1.02,89.33,4.52,338.28
002685,华东重机,7.68,-1.54,89.48,4.69,77.38
002079,苏州固锝,12.05,-1.47,89.6,2.69,97.67
300454,深信服,120.01,2.71,89.62,4.77,345.63
688305,科德数控,60.85,0.43,89.81,4.21,80.45
603683,晶华新材,29.74,0.81,90.11,5.12,85.7
000562,宏源证券,30.5,0.0,90.22,7.22,1073.14
688103,国力电子,62.24,0.31,90.75,5.27,59.32
002320,海峡股份,7.44,-3.13,91.7,4.13,166.34
300182,捷成股份,5.93,-3.26,91.78,1.86,133.98
688690,纳微科技,39.8,4.08,91.88,7.86,160.72
000722,湖南发展,16.08,-1.11,92.17,1.88,74.64
002536,飞龙股份,40.45,4.58,92.22,6.62,220.21
601778,晶科科技,5.84,-0.17,92.53,1.39,218.28
600115,中国东航,4.17,-2.57,92.57,6.53,709.94
000409,云鼎科技,9.66,-3.21,92.61,3.99,57.04
688035,德邦科技,74.88,-0.69,92.72,4.55,106.51
002042,华孚时尚,4.04,-3.35,93.21,1.16,68.71
300951,博硕科技,39.7,2.4,93.49,3.05,60.1
300785,值得买,46.51,-4.44,93.72,4.8,56.9
600789,鲁抗医药,7.8,-1.52,93.75,1.58,70.1
002617,露笑科技,9.09,-1.3,93.87,2.69,170.68
301328,维峰电子,54.5,1.38,94.44,4.43,62.76
301529,福赛科技,108.09,-1.55,94.44,9.14,68.71
002008,大族激光,127.0,1.67,94.73,6.39,1215.04
000767,晋控电力,6.11,-0.49,94.8,3.11,177.94
688279,峰岹科技,211.54,-0.62,94.83,4.68,197.91
001208,华菱线缆,16.13,0.12,94.92,3.5,51.41
603757,大元泵业,59.75,2.05,95.3,5.25,111.46
600783,鲁信创投,21.4,2.29,95.4,3.62,159.29
688484,南芯科技,39.86,-2.85,95.53,4.08,170.47
601727,上海电气,7.99,-2.56,95.93,2.26,1007.99
002881,美格智能,45.58,-0.91,96.21,5.05,82.92
688318,财富趋势,114.9,0.36,96.98,7.6,294.28
301522,上大股份,26.68,-2.73,97.38,5.19,73.83
002132,恒星科技,4.85,0.21,97.45,1.92,67.86
605287,德才股份,41.9,-3.3,97.85,3.71,58.66
001258,立新能源,10.6,-1.3,98.16,3.24,98.93
002522,浙江众成,6.42,1.42,98.63,2.5,58.1
603626,科森科技,22.74,-2.7,98.74,5.54,126.18
002271,东方雨虹,13.37,-4.09,98.96,1.56,255.97
688396,华润微,67.65,3.13,99.03,3.88,898.53
605566,福莱蒽特,42.0,0.6,99.68,2.76,56.0
300619,金银河,40.6,-1.46,99.73,4.47,59.47
301458,钧崴电子,50.1,4.92,99.9,8.31,58.86
002635,安洁科技,17.42,2.47,100.02,2.0,68.9
688678,福立旺,21.56,-0.78,100.31,3.76,86.91
688626,翔宇医疗,50.8,-1.38,100.93,3.86,81.28
003031,中瓷电子,142.04,3.9,101.2,9.69,483.16
600510,黑牡丹,8.29,-2.01,101.28,0.81,85.55
603000,人民网,17.52,-2.56,101.65,5.03,193.72
601666,平煤股份,8.31,0.0,102.77,0.94,205.2
603200,上海洗霸,48.41,-1.81,103.6,7.72,84.95
301150,中一科技,62.44,-1.37,104.48,3.97,138.98
300088,长信科技,7.23,0.98,105.11,2.08,179.7
002741,光华科技,27.15,-0.73,105.35,6.52,115.76
688337,普源精电,57.39,1.04,105.51,3.5,106.7
301373,凌玮科技,140.34,-0.1,105.64,9.13,57.23
002344,海宁皮城,3.97,-2.22,105.82,0.6,50.87
003043,华亚智能,59.89,-2.93,106.57,4.54,50.21
688063,派能科技,63.48,-4.14,107.28,1.69,155.75
002886,沃特股份,29.08,-1.52,107.36,4.18,60.8
301007,德迈仕,34.89,2.17,107.7,8.13,52.8
002670,国盛证券,11.38,-1.39,107.93,1.94,184.74
300939,秋田微,67.22,-2.81,108.01,5.67,80.66
688432,有研硅,18.05,0.61,108.16,5.0,225.68
003021,兆威机电,97.25,1.42,108.18,5.07,201.68
603070,万控智造,16.45,-2.95,108.55,3.05,65.96
000748,长城信息,20.31,0.0,108.7,3.92,162.9
600375,汉马科技,4.27,-1.84,108.71,2.02,62.46
688551,科威尔,66.2,-0.6,109.44,4.23,55.65
600771,广誉远,14.84,-1.66,109.73,4.27,72.64
300223,北京君正,142.27,-1.28,110.5,5.43,598.35
300421,力星股份,22.29,-0.54,110.82,5.07,51.33
000401,金隅冀东,4.06,-0.98,110.84,0.42,106.83
002093,国脉科技,7.33,-2.27,110.94,1.92,73.85
002510,天汽模,6.54,0.77,110.96,2.62,65.72
688539,高华科技,31.4,-1.78,111.23,3.33,58.38
600078,澄星股份,11.89,-1.65,111.8,4.72,78.78
300741,华宝股份,14.47,-1.43,111.9,1.31,89.12
605179,一鸣食品,15.03,-3.34,112.23,5.24,60.27
601360,三六零,10.35,-1.43,112.24,2.48,724.45
600259,中稀有色,83.86,2.74,112.32,7.81,282.14
603308,应流股份,62.38,-1.84,112.43,8.33,423.59
688333,铂力特,96.97,-1.36,112.95,5.32,266.01
688548,广钢气体,27.62,3.02,113.52,5.98,190.91
605389,长龄液压,81.62,-1.57,114.86,7.31,144.59
603211,晋拓股份,26.5,-0.67,115.17,5.75,72.03
603016,新宏泰,42.83,-0.53,115.51,7.5,63.46
001322,箭牌家居,6.54,-2.53,115.73,1.36,51.38
002625,光启技术,38.33,-0.21,115.9,8.45,825.85
600746,江苏索普,6.5,-2.11,116.07,1.39,75.91
000962,东方钽业,56.49,2.13,116.35,7.44,284.25
300337,银邦股份,12.24,0.16,116.56,5.69,87.08
002885,京泉华,41.7,-3.87,116.7,7.37,98.94
688729,屹唐股份,24.19,-0.04,116.71,7.92,52.01
688375,国博电子,89.35,-0.6,118.12,8.23,532.54
688231,隆达股份,44.56,-4.25,118.2,3.92,110.0
601636,旗滨集团,6.5,-3.85,118.66,1.29,192.31
300143,盈康生命,10.21,-0.78,118.99,3.01,65.47
002251,步步高,4.88,-2.4,119.04,1.54,105.04
002389,航天彩虹,19.21,-2.73,119.06,2.35,189.17
600460,士兰微,33.03,0.7,119.79,4.51,549.64
688321,微芯生物,26.61,-2.13,119.8,4.84,108.52
000519,中兵红箭,19.43,0.78,120.1,2.6,270.57
300843,胜蓝股份,86.78,1.2,120.59,8.81,139.28
688717,艾罗能源,107.0,-0.06,120.89,3.86,105.98
688577,浙海德曼,70.08,-1.99,121.04,7.53,77.98
000948,南天信息,13.33,-3.27,121.22,1.92,51.87
603158,腾龙股份,14.76,0.41,121.3,3.19,72.44
300539,横河精密,23.42,-2.98,121.75,5.5,51.03
300747,锐科激光,40.66,3.99,122.29,6.68,212.24
600201,生物股份,11.48,-2.63,122.4,2.34,127.63
300607,拓斯达,30.37,-0.82,122.65,4.99,102.5
002935,天奥电子,19.13,0.79,122.72,5.02,79.41
301638,南网数字,27.05,-2.94,123.44,7.66,67.69
002102,ST能特,2.4,2.13,123.57,1.92,52.15
688545,兴福电子,75.03,1.02,124.14,8.95,136.74
688232,新点软件,20.26,-2.17,124.17,1.22,65.23
600619,海立股份,14.95,-1.97,124.4,2.6,117.98
688151,华强科技,17.1,-2.62,124.54,1.39,58.91
002882,金龙羽,22.3,-2.83,124.62,4.55,55.03
688307,中润光学,67.84,0.8,124.63,9.55,84.31
603118,共进股份,12.68,0.71,124.89,1.97,99.83
300738,奥飞数据,22.03,1.43,125.22,5.65,216.97
600108,亚盛集团,3.43,-3.11,125.25,1.54,66.78
300491,通合科技,32.7,-1.51,125.3,4.81,51.54
002446,盛路通信,9.54,0.85,125.55,3.43,80.88
000058,深 赛 格,7.13,-2.6,125.56,4.37,70.21
600825,新华传媒,5.14,-3.2,126.07,2.16,53.71
603315,福鞍股份,16.39,-1.56,127.14,3.02,52.51
600654,中安科,3.24,-2.7,128.16,5.53,75.08
600764,中国海防,20.81,-1.37,128.43,1.8,147.88
002077,大港股份,16.83,-2.09,128.67,2.89,97.67
688108,赛诺医疗,21.22,-1.71,128.95,8.94,88.69
002338,奥普光电,52.56,-3.03,128.97,8.83,126.14
688160,步科股份,106.32,0.78,129.33,7.51,96.57
002097,山河智能,8.41,-3.0,129.36,1.93,90.21
600751,海航科技,3.26,-2.4,129.62,1.25,83.89
300493,润欣科技,15.02,-2.15,129.64,6.64,76.09
001979,招商蛇口,8.94,-1.76,130.54,0.83,752.17
600702,舍得酒业,42.6,-3.88,130.73,2.01,141.7
300036,超图软件,12.88,-2.79,131.17,2.41,56.48
300353,东土科技,19.87,-3.96,131.28,5.54,107.31
600068,葛洲坝,9.93,0.0,132.34,0.74,457.25
000839,国安股份,2.96,-2.31,132.56,7.47,116.03
002232,启明信息,15.57,-1.46,133.46,4.53,63.61
600602,云赛智联,19.15,2.79,133.52,5.32,205.73
603009,北特科技,47.85,-0.13,134.03,8.26,161.93
600552,凯盛科技,18.84,2.73,134.07,4.12,177.96
002230,科大讯飞,48.26,-1.79,134.34,5.08,1056.55
002649,博彦科技,10.01,1.73,134.34,1.41,53.69
300943,春晖智控,37.72,-4.17,135.03,7.73,50.33
688683,莱尔科技,37.72,0.21,135.23,5.03,58.53
002971,和远气体,34.16,-1.21,136.03,4.0,53.43
688182,灿勤科技,33.8,-0.27,136.1,5.98,135.2
688249,晶合集成,42.1,-0.78,136.46,3.86,509.57
688233,神工股份,79.43,-1.76,136.76,7.06,135.27
601099,太平洋,3.36,-0.88,137.16,2.31,229.03
301191,菲菱科思,145.27,2.88,137.26,5.92,76.0
600313,农发种业,6.03,-2.58,137.49,2.9,65.26
688584,上海合晶,24.4,-4.13,137.57,3.91,83.77
300739,明阳电路,31.56,-0.13,137.77,4.25,108.3
603439,三力制药,16.43,-0.48,137.91,4.5,66.35
300655,晶瑞电材,14.5,-0.41,138.24,6.04,154.7
688091,上海谊众,45.86,2.83,138.31,6.54,94.79
688652,京仪装备,130.75,-0.04,138.59,9.77,157.88
603358,华达科技,38.78,3.14,139.26,5.14,176.52
300576,容大感光,42.08,-1.03,139.69,8.86,96.94
300083,创世纪,9.93,-0.5,141.12,3.11,148.17
688388,嘉元科技,47.54,3.8,141.51,2.68,216.63
301349,信德新材,62.33,0.89,141.76,3.25,70.13
000970,中科三环,11.02,-0.54,142.18,2.05,133.97
301012,扬电科技,32.4,-1.19,142.63,5.36,63.82
002196,方正电机,13.77,1.62,143.22,4.79,67.25
000815,美利云,16.07,-0.92,143.48,7.94,111.73
600903,贵州燃气,9.63,-1.93,143.85,3.62,110.75
688095,福昕软件,74.69,-1.24,144.15,2.6,68.24
300034,钢研高纳,18.07,-1.69,144.32,3.74,138.61
002733,雄韬股份,30.05,-0.1,144.56,4.25,110.84
300153,科泰电源,26.06,-1.29,145.22,9.12,82.96
002969,嘉美包装,18.65,0.0,145.33,6.29,203.8
600590,泰豪科技,12.84,-0.47,145.75,3.37,108.31
300191,潜能恒信,31.55,-4.1,145.88,8.85,69.79
600722,金牛化工,10.22,-2.85,146.18,5.51,69.53
002122,ST汇洲,2.77,-1.42,146.7,2.54,55.06
002025,航天电器,60.75,-1.09,146.74,4.16,275.73
600435,北方导航,11.81,-1.25,146.83,6.23,178.61
688106,金宏气体,25.46,0.51,146.9,4.2,136.31
300222,科大智能,16.42,0.92,146.95,7.22,104.07
688268,华特气体,146.89,-0.51,147.2,9.79,183.64
600037,歌华有线,7.17,-3.11,147.75,0.78,99.79
603869,ST智知,10.43,0.0,148.33,1.38,51.54
688596,正帆科技,38.47,0.97,148.34,3.15,113.15
300316,晶盛机电,47.0,-1.36,148.53,3.62,578.83
688610,埃科光电,171.7,0.3,148.64,7.52,70.28
688536,思瑞浦,283.31,0.98,148.83,6.15,384.31
300327,中颖电子,28.39,-2.71,148.89,5.35,96.2
301413,安培龙,85.85,-2.03,149.48,8.85,65.57
688270,ST臻镭,105.3,-0.57,150.16,9.82,225.4
301071,力量钻石,75.81,4.22,150.94,3.74,146.22
600925,苏能股份,4.81,-0.82,151.2,2.13,77.25
603496,恒为科技,23.04,-1.12,151.64,5.29,73.78
600929,雪天盐业,5.41,-3.22,151.68,1.17,88.73
000875,电投绿能,6.94,-2.25,151.77,1.43,231.96
600571,信雅达,11.53,-2.78,152.86,4.65,52.78
600705,中航产融,3.47,0.0,154.05,0.82,305.51
603171,税友股份,54.2,3.08,154.26,8.55,219.99
688739,成大生物,21.37,-2.24,154.33,0.95,89.0
002730,电光科技,29.4,-0.64,155.86,6.45,101.73
600515,海南机场,3.15,-1.56,156.05,1.48,289.04
600728,佳都科技,4.86,-2.02,157.55,1.31,103.64
688499,利元亨,53.8,-3.67,157.7,3.87,90.78
300046,台基股份,30.75,-1.41,159.31,6.33,72.73
300696,爱乐达,29.22,-3.82,160.22,4.48,78.04
600498,烽火通信,49.5,4.1,160.44,3.83,629.45
002445,中南文化,3.57,1.42,161.79,3.71,84.48
000966,长源电力,5.21,-2.25,161.85,1.35,169.93
301487,盟固利,24.93,-0.72,163.47,5.93,68.01
000990,诚志股份,9.58,-1.44,164.57,0.65,116.42
002965,祥鑫科技,32.27,0.22,164.63,2.02,61.45
300185,通裕重工,2.79,-1.76,165.81,1.59,107.3
000901,航天科技,18.61,-1.69,167.05,3.5,148.54
002024,ST易购,1.25,-0.79,167.63,0.94,115.67
600208,衢州发展,2.99,-0.66,167.79,0.61,254.39
603219,XD富佳股,16.44,2.75,167.97,5.81,92.29
688003,天准科技,97.81,3.28,168.02,9.62,190.06
301510,固高科技,32.62,1.68,168.97,8.99,91.06
605488,福莱新材,34.32,2.72,169.2,4.58,94.79
000631,顺发恒能,3.41,-0.29,169.35,1.43,78.43
002046,国机精工,51.8,3.37,170.63,6.37,274.63
300601,康泰生物,12.43,-2.05,170.9,1.52,111.92
688275,万润新能,134.18,-1.32,171.86,3.07,169.23
600893,航发动力,41.12,-0.96,174.16,2.73,1095.9
000628,高新发展,53.76,-4.77,174.97,8.61,103.35
688350,富淼科技,35.3,-0.68,175.21,2.74,50.57
300468,四方精创,23.78,-2.86,175.24,7.79,125.98
300343,ST联创,6.93,-0.72,175.5,3.78,73.89
002812,恩捷股份,67.66,-2.0,176.32,2.6,556.59
688663,新风光,89.23,-2.08,176.54,9.1,126.24
002488,金固股份,10.13,0.4,176.81,2.91,93.2
002405,四维图新,8.37,-3.68,177.87,2.25,197.16
002400,省广集团,8.16,-4.23,178.74,2.84,140.86
603938,三孚股份,43.07,3.01,178.84,6.49,164.8
300997,欢乐家,19.32,-2.91,179.52,8.49,76.72
605298,必得科技,55.0,-4.36,180.36,10.0,102.44
600693,东百集团,10.72,-0.09,182.16,2.58,93.15
600157,永泰能源,1.84,-1.6,182.98,0.86,401.45
603319,美湖股份,38.73,2.92,183.34,5.33,131.35
600071,凤凰光学,17.83,0.73,184.6,9.86,50.2
002256,兆新股份,4.61,-2.33,184.69,7.79,92.86
688351,微电生理,24.67,-1.99,186.36,6.42,116.1
600977,中国电影,14.38,-4.13,187.35,2.44,268.47
688328,深科达,73.88,-0.03,187.69,8.3,69.78
300102,乾照光电,23.95,-1.16,189.23,5.12,219.36
002212,天融信,6.72,-1.32,189.31,0.83,78.41
603881,数据港,36.81,3.08,189.61,7.86,264.43
688767,博拓生物,38.5,1.16,189.66,2.55,57.49
688575,亚辉龙,10.34,-1.62,189.71,2.18,59.08
603083,剑桥科技,189.85,1.52,191.08,8.97,523.2
002167,东方锆业,13.39,2.92,191.45,5.83,101.59
688403,汇成股份,19.58,-0.81,191.47,4.9,194.03
301095,广立微,88.0,-1.57,192.23,5.61,152.26
688385,复旦微电,57.41,-3.46,193.44,7.53,309.66
300215,电科院,7.4,-4.88,193.73,2.78,55.43
603220,中贝通信,22.68,-1.43,194.47,3.16,98.49
301293,三博脑科,57.87,-0.87,195.73,5.06,119.2
300151,昌红科技,23.75,3.22,198.21,8.23,87.56
000869,张  裕Ａ,18.34,-0.81,199.17,1.15,83.47
688109,品茗科技,80.6,-1.26,199.8,8.21,63.55
